seed,episode,rep,phi_r_g_ar1
1,0,0,1.4548588925577004
1,0,1,1.7884748241090722
1,0,2,2.0030410432867036
1,0,3,1.5769121695647028
1,0,4,2.122108210427258
1,1,0,1.9097742519440668
1,1,1,2.0777223688672124
1,1,2,2.110977554588302
1,1,3,1.8696295702649133
1,1,4,1.379224576108112
1,2,0,1.6920919790423468
1,2,1,1.7803539848912833
1,2,2,1.1172582290728568
1,2,3,1.7415709781429025
1,2,4,1.8012660179334508
1,3,0,1.9341445275467435
1,3,1,2.0675112930008264
1,3,2,2.0535070938380064
1,3,3,1.9155863658753538
1,3,4,2.0301645347388617
1,4,0,2.2958242622270677
1,4,1,1.7521316059486483
1,4,2,1.7085838196623744
1,4,3,1.4738771689852674
1,4,4,1.5423177776519954
1,5,0,2.05383065745326
1,5,1,1.9539191511393255
1,5,2,1.3813583415149733
1,5,3,1.521339821052314
1,5,4,1.367172582539136
1,6,0,1.6189347039497728
1,6,1,1.7754797526848618
1,6,2,1.6598307780014863
1,6,3,1.756758703552352
1,6,4,1.8940977648610313
1,7,0,1.6856285396366935
1,7,1,1.9668974551131284
1,7,2,1.6235086758889592
1,7,3,1.6146230155773171
1,7,4,1.8098739914590762
1,8,0,1.7309768602531959
1,8,1,2.7208619061472135
1,8,2,1.8803355197667362
1,8,3,1.6923137380475808
1,8,4,1.8489247187699906
1,9,0,1.6880286896319026
1,9,1,1.7444506432540683
1,9,2,1.534412219127554
1,9,3,2.2555448194482732
1,9,4,1.7767721606741493
2,0,0,1.6888836239957072
2,0,1,1.6658246506984302
2,0,2,1.6703988698554977
2,0,3,1.392434723037554
2,0,4,1.8975183013546557
2,1,0,1.5729910706599037
2,1,1,1.6097571322379631
2,1,2,1.63662261007272
2,1,3,1.4848425412950403
2,1,4,1.6237162538202377
2,2,0,1.740435238288133
2,2,1,1.6773776465965233
2,2,2,1.7627980170149649
2,2,3,1.5827030490349752
2,2,4,2.0808054016460327
2,3,0,1.5525703017201922
2,3,1,1.941791344685402
2,3,2,1.570061402459411
2,3,3,1.6822603861298056
2,3,4,1.516302113922257
2,4,0,1.737732988384462
2,4,1,1.767039582966968
2,4,2,1.4620925309789585
2,4,3,1.582897211688774
2,4,4,1.581686561447125
2,5,0,1.3897565578203155
2,5,1,1.8669983776403982
2,5,2,2.1023977080320333
2,5,3,1.5933604940907742
2,5,4,2.0499461894317
2,6,0,1.428644015832508
2,6,1,1.9398366320282263
2,6,2,1.3502716527687069
2,6,3,1.420713727942672
2,6,4,1.8514009610331181
2,7,0,1.8163194830404596
2,7,1,2.1387677959900486
2,7,2,1.8109373498081414
2,7,3,1.463749596521859
2,7,4,1.877242980749741
2,8,0,1.827873240995224
2,8,1,1.7136673140064327
2,8,2,1.575996910603072
2,8,3,1.729616949254761
2,8,4,1.8378594908147456
2,9,0,1.825886188835141
2,9,1,1.6193472713498769
2,9,2,1.7473521725363006
2,9,3,1.9909600100270248
2,9,4,1.8652007534154924
3,0,0,1.589487049434154
3,0,1,2.3076283767111967
3,0,2,1.8622280983898993
3,0,3,1.813698244904409
3,0,4,1.7116505228024819
3,1,0,1.3229213117532383
3,1,1,1.6579124419767235
3,1,2,2.0141066834159997
3,1,3,1.4304089943404015
3,1,4,1.4969324997211353
3,2,0,1.5449718780090533
3,2,1,1.5888373936614957
3,2,2,1.6791022829987765
3,2,3,1.6799822030832223
3,2,4,2.042597048726651
3,3,0,1.147980247617642
3,3,1,1.495100134008442
3,3,2,1.9185345357850543
3,3,3,1.7739867751312781
3,3,4,1.659080149962771
3,4,0,1.7545797296256636
3,4,1,2.0118064025292477
3,4,2,1.6418533946164955
3,4,3,1.4794293766744446
3,4,4,1.5841473713660439
3,5,0,1.69844262045839
3,5,1,1.8574583419244424
3,5,2,1.7348502022174659
3,5,3,1.8531264832731615
3,5,4,1.7510533383799944
3,6,0,1.6537073907538204
3,6,1,1.3771644069164015
3,6,2,1.852052524246661
3,6,3,1.6552181958271999
3,6,4,1.8274097385047197
3,7,0,1.629546284675191
3,7,1,1.5487132543202633
3,7,2,1.9920391890000466
3,7,3,2.1395269729730897
3,7,4,1.4093431283863607
3,8,0,1.8063143422492534
3,8,1,1.8763370148447278
3,8,2,1.7978639094163325
3,8,3,1.4352995520114342
3,8,4,1.4643631211590118
3,9,0,1.2993804903216477
3,9,1,1.6700752086944384
3,9,2,1.7341820924335316
3,9,3,1.7673553834022904
3,9,4,1.6298619464323052
4,0,0,1.7744415229195427
4,0,1,1.6250098888461255
4,0,2,1.6543634550245638
4,0,3,1.3097444973261283
4,0,4,1.760419717777737
4,1,0,1.5935866011724915
4,1,1,1.425348548976163
4,1,2,1.7836528450735996
4,1,3,1.7943755025115427
4,1,4,1.4916042954441053
4,2,0,1.8148522591092355
4,2,1,1.6397265004555988
4,2,2,1.5469462943291281
4,2,3,1.4511835384104284
4,2,4,2.0220665897636465
4,3,0,1.9192183298231438
4,3,1,1.7903650808993596
4,3,2,2.043163130644709
4,3,3,1.7503963275760193
4,3,4,1.6204365931195932
4,4,0,1.7489052578100117
4,4,1,1.8956339561339093
4,4,2,1.957413410654951
4,4,3,1.5289680765344928
4,4,4,1.6767317348817818
4,5,0,1.7898299063074918
4,5,1,1.748557641666222
4,5,2,1.4365782947545425
4,5,3,1.599283513038623
4,5,4,1.8284958205296094
4,6,0,1.5758237972488223
4,6,1,1.6772931060418061
4,6,2,2.2037063686981124
4,6,3,1.5348988431255117
4,6,4,1.8527690348669208
4,7,0,1.7245860420679895
4,7,1,1.6295699017110798
4,7,2,1.8635832949111797
4,7,3,2.267444454253312
4,7,4,1.408874793913561
4,8,0,1.5859797454755689
4,8,1,1.9737364015400702
4,8,2,1.9117777717959419
4,8,3,1.725882236780359
4,8,4,1.8429114886490616
4,9,0,1.7709147027293473
4,9,1,1.9820888697570562
4,9,2,1.7962178060867835
4,9,3,1.931591005368129
4,9,4,1.8226233769565816
5,0,0,1.6704929366529018
5,0,1,1.4673995624506873
5,0,2,1.4304192203979866
5,0,3,1.7647719622821254
5,0,4,1.4902284473346719
5,1,0,1.8185423593263643
5,1,1,2.03169534185227
5,1,2,1.5174105753897633
5,1,3,1.962146409220178
5,1,4,1.923134095853009
5,2,0,1.3623628145195883
5,2,1,1.7773533320089179
5,2,2,1.4616722718799688
5,2,3,1.7121281369577583
5,2,4,1.790277307357925
5,3,0,1.98384371261682
5,3,1,1.3599166737778403
5,3,2,1.5261326736338703
5,3,3,2.012136401120181
5,3,4,1.784876334223965
5,4,0,1.7975865608746302
5,4,1,1.902602659741512
5,4,2,1.5299728060285966
5,4,3,1.8139226035910743
5,4,4,1.510987937162069
5,5,0,1.8890355859847356
5,5,1,1.7407268441559398
5,5,2,1.3063462700583552
5,5,3,1.1770437471641366
5,5,4,1.76758818143002
5,6,0,1.4563820872180657
5,6,1,1.3987328058516812
5,6,2,1.5758292771683973
5,6,3,2.0125354872398957
5,6,4,1.8547804013581324
5,7,0,1.71067898960324
5,7,1,1.7594140905499305
5,7,2,2.0172782769544377
5,7,3,1.6387586029320127
5,7,4,1.9235030906337056
5,8,0,1.3633863153920491
5,8,1,1.988146650465739
5,8,2,1.9094459763273604
5,8,3,1.5581841159490226
5,8,4,1.4168435752774946
5,9,0,2.070958079342148
5,9,1,1.8583122682919828
5,9,2,1.9875856698970453
5,9,3,1.6557841290508997
5,9,4,1.5419221014276117
6,0,0,1.8340456211984386
6,0,1,1.692651474993831
6,0,2,1.6701283156891
6,0,3,1.7130148741306865
6,0,4,1.6530102515325091
6,1,0,1.6506930713472794
6,1,1,1.6848721708632934
6,1,2,1.4321100815718353
6,1,3,1.6257420988563298
6,1,4,1.3269116336795848
6,2,0,1.5944140196996217
6,2,1,1.6745482683950805
6,2,2,1.846671985454511
6,2,3,2.001594261570318
6,2,4,1.5758460977012145
6,3,0,1.3546935116407863
6,3,1,1.3827002762829337
6,3,2,1.5547527373130063
6,3,3,1.2779146307822113
6,3,4,1.6206415199146869
6,4,0,2.2138449814631604
6,4,1,1.8519269582923916
6,4,2,2.0718940465617317
6,4,3,1.441838974250118
6,4,4,1.4055511815084238
6,5,0,1.857262186820603
6,5,1,1.781436848902217
6,5,2,1.6154999854052186
6,5,3,1.493571833423288
6,5,4,1.236021996161147
6,6,0,1.8080814169328874
6,6,1,1.6829834247001076
6,6,2,1.868822364939089
6,6,3,1.851392542080745
6,6,4,1.4581069592024356
6,7,0,1.5215424520792173
6,7,1,1.4513161357712026
6,7,2,1.743131349342585
6,7,3,1.4512078731315228
6,7,4,1.6341395842254762
6,8,0,1.6361044939088734
6,8,1,1.6019498057291264
6,8,2,1.8710604907465243
6,8,3,1.727808540972275
6,8,4,1.5090868938589503
6,9,0,1.6598202008109397
6,9,1,2.1229204963000536
6,9,2,1.5301466223687181
6,9,3,1.990923218261948
6,9,4,1.8641706506625293
7,0,0,1.9509749524594353
7,0,1,1.5542943944010625
7,0,2,1.514122183887358
7,0,3,1.6904308032832152
7,0,4,2.150399435825519
7,1,0,1.5411079973843782
7,1,1,1.232833148678151
7,1,2,1.7086692018068974
7,1,3,1.3643087988650437
7,1,4,1.6768046749802545
7,2,0,1.4210171397438087
7,2,1,1.831679965879312
7,2,2,1.8112711131564718
7,2,3,1.665757331201037
7,2,4,1.6502999311155333
7,3,0,1.588894806238808
7,3,1,1.8527412857223964
7,3,2,1.8238856053393695
7,3,3,1.4128917425962162
7,3,4,1.8355895899342625
7,4,0,1.7939837561730094
7,4,1,1.6849057171141575
7,4,2,1.0153822539666137
7,4,3,1.705215612071706
7,4,4,1.4537451883646217
7,5,0,1.6440334391336773
7,5,1,1.7550578456904282
7,5,2,1.8236908201060182
7,5,3,1.5140284173166676
7,5,4,2.0645410853415997
7,6,0,2.0739485961330892
7,6,1,1.7212145997273116
7,6,2,2.121978017794157
7,6,3,1.9234933522756155
7,6,4,1.496666267464895
7,7,0,1.6628035884015806
7,7,1,1.6701089302628453
7,7,2,1.8871534254825357
7,7,3,1.6475498084578812
7,7,4,1.914650118086638
7,8,0,1.662658681895338
7,8,1,1.415039979476357
7,8,2,1.7724696796410226
7,8,3,1.6268503610584495
7,8,4,1.8560957161330052
7,9,0,1.5169887559612527
7,9,1,1.7894060675257186
7,9,2,1.737382637968976
7,9,3,1.82192183866223
7,9,4,1.9187456949366886
8,0,0,2.130137191021177
8,0,1,2.0185384780738787
8,0,2,1.8768494823642952
8,0,3,1.899793540282607
8,0,4,1.7524805681493427
8,1,0,1.7605618627803836
8,1,1,1.8320930100642046
8,1,2,1.72710302642344
8,1,3,2.1052474307474567
8,1,4,1.8212168575868695
8,2,0,1.6277354120774676
8,2,1,2.0853593722387105
8,2,2,1.7655588778087892
8,2,3,1.4334168973550618
8,2,4,1.4333085509051775
8,3,0,1.9657439601457618
8,3,1,1.3693249446490525
8,3,2,2.09049498887549
8,3,3,1.681680661562842
8,3,4,1.8626799353729782
8,4,0,1.6897750997709657
8,4,1,1.9257638196058093
8,4,2,1.619470620671716
8,4,3,1.1599361587761408
8,4,4,1.5996078399424436
8,5,0,1.7572342531478649
8,5,1,1.8361556288571832
8,5,2,1.5984081644836252
8,5,3,1.8104885476996466
8,5,4,1.647309592189043
8,6,0,1.9849274885054644
8,6,1,1.4915091914289669
8,6,2,1.955418289582772
8,6,3,1.904683446463896
8,6,4,2.1426473469064824
8,7,0,1.6850763306278056
8,7,1,2.0982569887163236
8,7,2,1.834241462544995
8,7,3,1.7693228019432128
8,7,4,1.5483558166648657
8,8,0,1.5850344164069639
8,8,1,1.8047686796030111
8,8,2,1.6694114591839697
8,8,3,1.4620121338517875
8,8,4,1.6751212191392564
8,9,0,1.7567020621054874
8,9,1,1.8511991224792186
8,9,2,2.049752984258661
8,9,3,1.5546330505029415
8,9,4,1.755967100684964
9,0,0,2.026573377406926
9,0,1,1.636932500160634
9,0,2,1.4783215042604465
9,0,3,1.7477094360297147
9,0,4,1.6013704715523929
9,1,0,1.6199269269157468
9,1,1,1.7741364308134895
9,1,2,1.9125895128330548
9,1,3,1.9359362179328334
9,1,4,2.2893163417190983
9,2,0,1.4329938317901023
9,2,1,1.9504792729696725
9,2,2,2.0569886346606667
9,2,3,1.7686040727782069
9,2,4,1.595040012959713
9,3,0,1.770553767462867
9,3,1,1.7427848512054562
9,3,2,2.010212423395833
9,3,3,2.0296359356496665
9,3,4,1.931899252279164
9,4,0,2.0515545819593575
9,4,1,1.4902890157584499
9,4,2,1.8435254998593769
9,4,3,1.5191570002759336
9,4,4,1.7856126591493497
9,5,0,2.04602270899071
9,5,1,1.652368638613988
9,5,2,1.9954044528984904
9,5,3,1.4844420760248396
9,5,4,1.4761629504104175
9,6,0,2.1662006112093226
9,6,1,1.5581570135733664
9,6,2,1.9370950341951352
9,6,3,1.6561575332094476
9,6,4,1.6580131031302816
9,7,0,1.830862769619721
9,7,1,2.1860747386682577
9,7,2,1.5862879945137098
9,7,3,2.057296167928618
9,7,4,1.6637400368176585
9,8,0,1.8284546463349827
9,8,1,1.5248654406508195
9,8,2,1.6197512017985454
9,8,3,1.5815753349239954
9,8,4,1.431945477104572
9,9,0,1.5230327542788795
9,9,1,1.9610614249290808
9,9,2,1.7355994502099392
9,9,3,1.9579820474985925
9,9,4,1.9139492053384928
10,0,0,2.014709140577996
10,0,1,1.2617012364840279
10,0,2,1.5563278442301396
10,0,3,1.350394331008818
10,0,4,1.3197292914306924
10,1,0,1.6631062988739793
10,1,1,1.9016527938202379
10,1,2,1.518303241482615
10,1,3,1.394649891138052
10,1,4,1.5899342386910935
10,2,0,1.625201340724543
10,2,1,1.755806273861526
10,2,2,1.7055401769362206
10,2,3,1.592212716495998
10,2,4,1.8115036392190271
10,3,0,1.5913059620496313
10,3,1,1.4935879956608347
10,3,2,1.440375369198506
10,3,3,1.6703265377168697
10,3,4,1.621452653925034
10,4,0,1.8510554082477135
10,4,1,1.5411676202892048
10,4,2,1.4258500929243012
10,4,3,2.118723351242245
10,4,4,2.2142518028221865
10,5,0,1.8409750232155693
10,5,1,1.3431773477170164
10,5,2,1.2729076010455385
10,5,3,1.454191557856551
10,5,4,1.6353535981310388
10,6,0,1.709895925327957
10,6,1,1.4507046389916494
10,6,2,1.925366835715006
10,6,3,1.519198063236791
10,6,4,1.4104001531385466
10,7,0,1.6353197237796577
10,7,1,1.736224773254614
10,7,2,1.1290776215538123
10,7,3,1.7850120091252322
10,7,4,1.803944931671023
10,8,0,1.4812464400131664
10,8,1,1.730305253915231
10,8,2,1.3479182337206321
10,8,3,1.5273229554476657
10,8,4,1.8675012294409874
10,9,0,1.5420555595639125
10,9,1,1.3982339701873916
10,9,2,1.8773586622696088
10,9,3,1.4418451814067008
10,9,4,1.8902265016341078
11,0,0,1.5648965336606837
11,0,1,1.5453111619827862
11,0,2,1.7599901778602032
11,0,3,1.2814574882943246
11,0,4,1.328734809828457
11,1,0,1.5690952751029903
11,1,1,1.826481288234359
11,1,2,1.4400941124362427
11,1,3,1.5149373531298371
11,1,4,1.7779336500138645
11,2,0,1.8139001180496577
11,2,1,1.4723963448224668
11,2,2,1.6904506612538044
11,2,3,1.482217247320413
11,2,4,1.8968921371566578
11,3,0,1.8357189306875537
11,3,1,1.7563221769055803
11,3,2,1.608749672700565
11,3,3,1.5162604362447687
11,3,4,1.5595209284859919
11,4,0,1.4901242476852121
11,4,1,1.4638581961897568
11,4,2,1.6036282037862202
11,4,3,1.5491349991676726
11,4,4,1.7331732918408835
11,5,0,1.896571414090365
11,5,1,1.9109211105219055
11,5,2,1.4836741819148869
11,5,3,1.5216434145060143
11,5,4,1.407702708791831
11,6,0,1.5625297470379909
11,6,1,1.639820156546542
11,6,2,2.122177964984921
11,6,3,1.931522611261782
11,6,4,1.755301923255058
11,7,0,1.8495440368292653
11,7,1,1.584709685876423
11,7,2,1.5776962829918473
11,7,3,1.6251455688550709
11,7,4,1.6014050260674653
11,8,0,1.7526405396947662
11,8,1,1.6780835572592498
11,8,2,1.4766794908378564
11,8,3,1.5382794104004214
11,8,4,1.8216180873597891
11,9,0,1.7537276287105006
11,9,1,1.4676554354558273
11,9,2,2.1176381889870113
11,9,3,1.503292279655478
11,9,4,1.6712628375043979
12,0,0,1.5364828410516826
12,0,1,1.6800203074366442
12,0,2,2.259082002657501
12,0,3,1.7971623693630043
12,0,4,1.6680597453035784
12,1,0,1.8512968837756474
12,1,1,1.7740200366299024
12,1,2,1.1000993383225626
12,1,3,1.5398497221518892
12,1,4,1.6124630410063228
12,2,0,1.7225032774230598
12,2,1,1.6764637147167363
12,2,2,1.7786448466624314
12,2,3,1.5572845270329687
12,2,4,1.7888193437373499
12,3,0,1.5010109420704962
12,3,1,2.0478592285416113
12,3,2,1.5709381716800905
12,3,3,1.7415749199556874
12,3,4,1.7794589216482921
12,4,0,1.7005521560283243
12,4,1,1.733303718384916
12,4,2,1.8130739913442935
12,4,3,1.9519706180419125
12,4,4,1.8447338926312118
12,5,0,1.67701554529126
12,5,1,1.707709593399258
12,5,2,1.8283382267761952
12,5,3,1.771855360174722
12,5,4,2.0156164011819815
12,6,0,1.634171431129774
12,6,1,2.0175702955757258
12,6,2,1.3030347420963255
12,6,3,2.0032233738416236
12,6,4,2.0805566039741503
12,7,0,1.505938207958118
12,7,1,1.8571390460634898
12,7,2,1.797972027925125
12,7,3,1.8690290042424533
12,7,4,1.4281393092443826
12,8,0,1.7556015219288226
12,8,1,2.0557298163994746
12,8,2,1.7341016666071587
12,8,3,1.713515279170136
12,8,4,1.480642616001673
12,9,0,1.3508148796524484
12,9,1,1.4113293382799579
12,9,2,1.5165872988872036
12,9,3,1.5209004544965776
12,9,4,2.024907253150447
13,0,0,1.8588464414518064
13,0,1,1.5860823524217749
13,0,2,1.7043830541953646
13,0,3,1.6006596647843654
13,0,4,1.7752202306028269
13,1,0,1.5404441219798781
13,1,1,1.861784298022107
13,1,2,1.7173024496408438
13,1,3,1.6542847307896744
13,1,4,1.3414684634125493
13,2,0,1.8037910739803789
13,2,1,1.6716153501979256
13,2,2,1.8294616217738402
13,2,3,1.6839134724990443
13,2,4,1.3783849364481968
13,3,0,1.8281576598613767
13,3,1,1.6780285049162869
13,3,2,1.370168060162627
13,3,3,1.3637584111780385
13,3,4,1.293823985840061
13,4,0,1.5425555732364673
13,4,1,1.0833093978217927
13,4,2,1.5678851639962004
13,4,3,1.1224612134275271
13,4,4,1.7102379350800725
13,5,0,1.329857054424822
13,5,1,1.59399753067309
13,5,2,1.3086329224059916
13,5,3,1.553715725554202
13,5,4,1.6969238122404535
13,6,0,1.9011037218538276
13,6,1,1.479633894881067
13,6,2,1.7860581028097948
13,6,3,1.5757297875862437
13,6,4,1.8649616403087388
13,7,0,1.6396083885966366
13,7,1,1.7379461025071035
13,7,2,1.7386162125459697
13,7,3,1.712794497699067
13,7,4,1.6774454492137876
13,8,0,1.976088145523472
13,8,1,1.423575810512846
13,8,2,1.5520429557055513
13,8,3,1.4273168872615525
13,8,4,1.6710495858915562
13,9,0,2.1169159985194095
13,9,1,1.6044346126757068
13,9,2,1.6747130231779397
13,9,3,1.6373144550079752
13,9,4,1.627877820875733
14,0,0,1.4724153023481092
14,0,1,1.118686193292823
14,0,2,1.5897392294141068
14,0,3,1.0955154889351886
14,0,4,1.5291368668378207
14,1,0,1.755431608342262
14,1,1,1.5192733710466433
14,1,2,1.5713876989656068
14,1,3,1.3755920977343996
14,1,4,1.7710728736327863
14,2,0,1.6094912670297177
14,2,1,1.2242189920531743
14,2,2,1.4403029870372335
14,2,3,1.5082749224516672
14,2,4,1.5623007894139764
14,3,0,1.6599714681260276
14,3,1,1.7900929293887142
14,3,2,1.5454926741437758
14,3,3,1.5803475182292939
14,3,4,1.6104559508384702
14,4,0,1.4535558005545575
14,4,1,1.7535069998900044
14,4,2,1.561640161346952
14,4,3,1.3424318595370484
14,4,4,1.4626829349654296
14,5,0,1.648595501828567
14,5,1,1.4713127807867648
14,5,2,1.5563715090563015
14,5,3,1.4834244277160131
14,5,4,1.5720384604124107
14,6,0,1.782474265328914
14,6,1,1.2436563365084305
14,6,2,2.0469887993775733
14,6,3,1.6745617375992556
14,6,4,1.9729600895682085
14,7,0,1.6352059797407446
14,7,1,1.3236852564617583
14,7,2,1.3768958473492412
14,7,3,1.5336921935765342
14,7,4,1.3853006746176462
14,8,0,1.7317254575079464
14,8,1,1.5146546176918487
14,8,2,1.5518079228462869
14,8,3,1.5770323940245645
14,8,4,1.5172841823439716
14,9,0,1.7334697946845201
14,9,1,1.5052434947679503
14,9,2,1.7512199226788763
14,9,3,1.989431939265504
14,9,4,1.4266083436729884
15,0,0,1.5746910885748246
15,0,1,1.8120915332114675
15,0,2,1.5613697110379445
15,0,3,1.528491250306687
15,0,4,1.813924093560638
15,1,0,1.7372247648096777
15,1,1,1.7410818683392577
15,1,2,2.0504965135262543
15,1,3,1.6518718753491226
15,1,4,1.913658840539515
15,2,0,1.87572756928155
15,2,1,1.8519957841161936
15,2,2,1.790916657167725
15,2,3,1.5581872588138497
15,2,4,1.7821078330529958
15,3,0,1.717681823833737
15,3,1,1.8620816066422021
15,3,2,1.3643112923803327
15,3,3,2.1254807225207974
15,3,4,1.4629006216826004
15,4,0,1.5616530578397736
15,4,1,1.3042837367879925
15,4,2,1.6957047603327633
15,4,3,1.3177460179014822
15,4,4,1.8151456003681814
15,5,0,1.7876085450373846
15,5,1,1.6856032685411615
15,5,2,1.9052582604608228
15,5,3,1.8586221220044281
15,5,4,1.5789513497954015
15,6,0,1.439837656878503
15,6,1,1.5158539066872816
15,6,2,1.5331769445986554
15,6,3,1.723634038929627
15,6,4,1.5460877041563923
15,7,0,1.6836746558253473
15,7,1,1.4140824076656546
15,7,2,1.381660453124843
15,7,3,1.6720335104468038
15,7,4,1.8280704248171582
15,8,0,1.746918110573021
15,8,1,1.4974827889506463
15,8,2,1.5901460907514635
15,8,3,1.2199158064946753
15,8,4,1.6499214356117433
15,9,0,1.686096518133884
15,9,1,1.7702045046333308
15,9,2,1.3622286920214868
15,9,3,1.722649361432643
15,9,4,1.6542417352466336
16,0,0,1.85999179680109
16,0,1,1.3381671019405479
16,0,2,1.5788838177867626
16,0,3,1.4248108852529868
16,0,4,1.6413394729482873
16,1,0,1.3231200015940368
16,1,1,1.8366646662503627
16,1,2,1.8099318738930568
16,1,3,1.5843116840488305
16,1,4,1.2885566895440277
16,2,0,1.3185327999469592
16,2,1,1.663178693908843
16,2,2,1.6429607113660614
16,2,3,1.3559041503363605
16,2,4,1.550278985673614
16,3,0,1.2716945539586542
16,3,1,1.9149465288880934
16,3,2,1.5450660014369917
16,3,3,1.543500810126683
16,3,4,1.4076599860072623
16,4,0,1.5875704488371758
16,4,1,1.4812352850120285
16,4,2,1.5499313960543515
16,4,3,2.1941314990365774
16,4,4,1.576139611923613
16,5,0,1.582601094244525
16,5,1,1.6762339744107053
16,5,2,1.6225558873277315
16,5,3,1.7045795395450931
16,5,4,1.6883422037326572
16,6,0,1.611081522558758
16,6,1,1.3978356771720661
16,6,2,1.8804867870754882
16,6,3,1.8398665305682582
16,6,4,1.4144626309790054
16,7,0,1.5978362695837212
16,7,1,1.5311449295820694
16,7,2,1.7273358084787482
16,7,3,1.8783909858244225
16,7,4,1.7556418748404639
16,8,0,1.5631812737673065
16,8,1,1.4891110709371633
16,8,2,1.6302964663475592
16,8,3,1.5984611301085554
16,8,4,1.5340372908910764
16,9,0,1.2745635297442313
16,9,1,1.355529491661311
16,9,2,1.7911695374895542
16,9,3,1.5768107600982217
16,9,4,1.3591327562832338
17,0,0,1.769654305484349
17,0,1,1.5147045057650936
17,0,2,1.5078033847610608
17,0,3,1.3553679393824425
17,0,4,1.5581264904832328
17,1,0,1.3069284911727048
17,1,1,1.3095043320422506
17,1,2,1.52082113917827
17,1,3,1.547238123923135
17,1,4,1.5811264415613324
17,2,0,1.5580411756233903
17,2,1,1.431913717419119
17,2,2,1.6613291027564987
17,2,3,1.5445921941726009
17,2,4,1.1416229423617401
17,3,0,1.5143326528291707
17,3,1,1.2436798194955578
17,3,2,1.2693205555135534
17,3,3,1.3030805338618268
17,3,4,1.279006526291814
17,4,0,1.5951780839616791
17,4,1,1.5410100796074029
17,4,2,1.7217845225344286
17,4,3,1.5544939874683714
17,4,4,1.877957698652278
17,5,0,1.62893091912045
17,5,1,1.6355958192898217
17,5,2,1.7104436692663003
17,5,3,1.4236827619764771
17,5,4,1.7041876561315266
17,6,0,1.6275385433459402
17,6,1,1.5460469178949936
17,6,2,1.5642538964971393
17,6,3,1.5699291327178497
17,6,4,1.4768456379493542
17,7,0,1.5787209386650223
17,7,1,1.6164345517724121
17,7,2,1.4522762908349423
17,7,3,1.5468770355421033
17,7,4,1.5194389033063473
17,8,0,1.5944156802228782
17,8,1,1.2228649860968623
17,8,2,1.6903050834236484
17,8,3,1.4018888449658207
17,8,4,1.7567683310473279
17,9,0,1.6911030565089242
17,9,1,1.4987909450495815
17,9,2,1.4207339847500353
17,9,3,1.3961830740276566
17,9,4,1.4429385581210372
18,0,0,1.8567063495706382
18,0,1,1.3697027376061597
18,0,2,1.5238845876941354
18,0,3,1.6914612289756863
18,0,4,1.5872836621687145
18,1,0,1.6494372372846844
18,1,1,1.8618931949003497
18,1,2,1.6887477082622002
18,1,3,1.6835388780491676
18,1,4,1.490295074481169
18,2,0,1.6934013618467185
18,2,1,1.5848383015150702
18,2,2,1.5286996326566642
18,2,3,1.6166606597881268
18,2,4,1.5416710157081
18,3,0,1.5087247626460607
18,3,1,1.4187809206793294
18,3,2,1.6200176311340355
18,3,3,1.594593240241137
18,3,4,1.6670040358413625
18,4,0,1.64611609300372
18,4,1,1.977032939618355
18,4,2,1.7451078639070863
18,4,3,1.8237355376624458
18,4,4,1.589152389848379
18,5,0,1.6522372139508381
18,5,1,1.5055850651555618
18,5,2,1.871145233424794
18,5,3,1.8845314407461635
18,5,4,2.0134066474810677
18,6,0,2.2421432536375328
18,6,1,1.7677113957199668
18,6,2,1.5896396729995637
18,6,3,1.5837866490258126
18,6,4,1.8141173156760773
18,7,0,1.5253365930249971
18,7,1,1.7861734099043414
18,7,2,1.7398387623586773
18,7,3,1.5760639351502452
18,7,4,1.8450983910913985
18,8,0,1.8671302929323015
18,8,1,1.9617356896264218
18,8,2,1.6851843578521197
18,8,3,1.9116223624470794
18,8,4,2.0468749595953133
18,9,0,2.0094984031990624
18,9,1,1.8410710613108765
18,9,2,1.632291223398381
18,9,3,1.756093303192373
18,9,4,2.0397830571184197
19,0,0,1.6425415716386589
19,0,1,1.4592619426911477
19,0,2,1.4006950915015448
19,0,3,1.7989960510412297
19,0,4,2.0440355429785715
19,1,0,1.4775972199955403
19,1,1,1.5536731225997662
19,1,2,1.699370736877974
19,1,3,1.675013465687162
19,1,4,2.096000416062076
19,2,0,1.552521729092374
19,2,1,1.8550930156825993
19,2,2,1.9580495202232115
19,2,3,1.6494453293487645
19,2,4,1.5986279790019977
19,3,0,1.6006666539974668
19,3,1,1.4484182424110479
19,3,2,1.9316716156877294
19,3,3,1.6345021790990812
19,3,4,1.5257083641040419
19,4,0,1.56517203718489
19,4,1,1.2126825207292131
19,4,2,1.828361868841489
19,4,3,1.824404606673011
19,4,4,1.7314417609721622
19,5,0,1.7969398503792477
19,5,1,1.8808899459278303
19,5,2,1.7333302703944014
19,5,3,1.4058574940630293
19,5,4,1.5577779927471078
19,6,0,1.577870686276258
19,6,1,2.162402692988484
19,6,2,1.5640216096586501
19,6,3,1.4236557361837587
19,6,4,2.0721966765088418
19,7,0,1.7201651570638812
19,7,1,1.7488677968228052
19,7,2,1.5876990118249075
19,7,3,1.7237462361836493
19,7,4,1.7497537057331347
19,8,0,2.029355869872577
19,8,1,1.498470594873624
19,8,2,1.2686957449613627
19,8,3,1.47964296236548
19,8,4,1.6506125298191567
19,9,0,1.342866782323458
19,9,1,1.5255407166361155
19,9,2,1.403230864009688
19,9,3,1.5466530115164947
19,9,4,1.9225548974358473
20,0,0,1.6554583711257544
20,0,1,1.4811421715353301
20,0,2,1.740976384040213
20,0,3,1.6824541365657466
20,0,4,1.678621344064288
20,1,0,1.202700085790672
20,1,1,1.5768612461867502
20,1,2,1.8230606005215644
20,1,3,1.9985181682337778
20,1,4,1.3684082433832756
20,2,0,1.9539186621032196
20,2,1,1.9438256276125134
20,2,2,2.041633310020445
20,2,3,1.505323166976797
20,2,4,1.5965154144600733
20,3,0,1.7418545952118956
20,3,1,1.8534631516548534
20,3,2,1.4653115212796226
20,3,3,1.6086720760611766
20,3,4,1.4624647088089793
20,4,0,1.658605105863473
20,4,1,1.4447224386639554
20,4,2,1.9596859134577118
20,4,3,1.6494886995862799
20,4,4,1.592572327315751
20,5,0,1.7903205529617467
20,5,1,1.6380000682299976
20,5,2,2.194427301845206
20,5,3,1.6933758463324078
20,5,4,2.06275686252242
20,6,0,1.5634384082132327
20,6,1,1.7858825663172937
20,6,2,1.7985910685147322
20,6,3,1.6214121306013394
20,6,4,1.4082918278204204
20,7,0,1.7956699841628425
20,7,1,1.5596086667155635
20,7,2,1.7980171690409392
20,7,3,1.4799293668326023
20,7,4,1.440883023687121
20,8,0,1.5053823364769094
20,8,1,1.9082223009335346
20,8,2,1.670567711537183
20,8,3,1.3462616108107546
20,8,4,1.6552187402536598
20,9,0,1.6567783642181002
20,9,1,2.272626358208093
20,9,2,1.8719326316268023
20,9,3,1.4560764065196778
20,9,4,1.3173107109481732
21,0,0,1.2773878432701458
21,0,1,1.716644837137789
21,0,2,1.6708048603823613
21,0,3,1.768603975924285
21,0,4,1.6290857130734795
21,1,0,1.6734521373700164
21,1,1,1.6314412109184762
21,1,2,1.483352675633078
21,1,3,1.4830806952203526
21,1,4,1.5163905055225626
21,2,0,1.598746377862351
21,2,1,1.8106662930493718
21,2,2,1.8261498656186423
21,2,3,1.5897971601110568
21,2,4,1.467876983427082
21,3,0,1.7494678868868
21,3,1,1.4424764869625006
21,3,2,1.987541134283715
21,3,3,1.3168150117362516
21,3,4,1.6180848619827541
21,4,0,1.9740014003167645
21,4,1,2.0835148724080765
21,4,2,2.0392069082728908
21,4,3,1.6129578151189514
21,4,4,1.8567358845207875
21,5,0,1.8452253522449098
21,5,1,1.8960432877722995
21,5,2,1.598421333119849
21,5,3,1.9826451036658645
21,5,4,1.9386402130394091
21,6,0,1.6531480655639355
21,6,1,1.8629531190348816
21,6,2,2.0410383006644865
21,6,3,1.5708296668772008
21,6,4,1.9653050387996271
21,7,0,1.9229527347954773
21,7,1,1.565913518483009
21,7,2,1.389678278151481
21,7,3,1.3871792995440122
21,7,4,1.6129212186699287
21,8,0,1.3211776906100257
21,8,1,1.6402628398198935
21,8,2,1.4715773280362292
21,8,3,1.344917011521649
21,8,4,1.7528836078927155
21,9,0,1.7037808601133098
21,9,1,1.6381345916694983
21,9,2,1.1954502160668459
21,9,3,1.3725857948016373
21,9,4,1.5074222599068194
22,0,0,1.6747728554060428
22,0,1,1.839955802818648
22,0,2,1.6431285809174117
22,0,3,1.758497281302061
22,0,4,1.5495441068694276
22,1,0,1.7133261237699735
22,1,1,1.9199798353395563
22,1,2,2.1002118482744994
22,1,3,1.6704446137089635
22,1,4,1.2365097495602413
22,2,0,1.6190506172405175
22,2,1,1.6911797888032059
22,2,2,1.9382157183530977
22,2,3,1.7669658938944686
22,2,4,2.064769966940312
22,3,0,1.8497103249725293
22,3,1,1.7924754610994449
22,3,2,2.1020252341881775
22,3,3,2.1324583518675837
22,3,4,1.8165495757483168
22,4,0,1.614050374716517
22,4,1,1.554683457507786
22,4,2,1.4896345977864314
22,4,3,1.7567195531910316
22,4,4,1.5163722560472508
22,5,0,1.4697289436723302
22,5,1,1.5053675327500358
22,5,2,1.6090510946970908
22,5,3,1.7725419590628921
22,5,4,1.696037070576578
22,6,0,1.7463798242379267
22,6,1,2.3101356315423294
22,6,2,1.9983914584542726
22,6,3,1.7140969180201244
22,6,4,1.5469868817507066
22,7,0,1.47195472484759
22,7,1,1.733696150318826
22,7,2,1.877963048423779
22,7,3,1.440516110943019
22,7,4,1.4269309542167457
22,8,0,1.3714587931431037
22,8,1,1.948557747329072
22,8,2,1.846308891412661
22,8,3,1.8294536323538533
22,8,4,1.5709288940891548
22,9,0,2.3425846241662747
22,9,1,1.5486710317662613
22,9,2,1.5537858669921105
22,9,3,1.5510939478583987
22,9,4,1.5510476958778656
23,0,0,1.938688010871652
23,0,1,1.757190188429026
23,0,2,1.7693153849907657
23,0,3,1.932738653079097
23,0,4,1.4808130082512212
23,1,0,1.7326908483137828
23,1,1,1.68808195540123
23,1,2,2.0767795370968978
23,1,3,2.1599590381255345
23,1,4,1.9036395931216616
23,2,0,1.9514794037453558
23,2,1,1.773357030648645
23,2,2,1.9012554510436075
23,2,3,2.315477225732697
23,2,4,1.9615232173109391
23,3,0,1.8058170473620165
23,3,1,1.899193642598067
23,3,2,1.330763709062579
23,3,3,1.6882708229062677
23,3,4,1.234461226002483
23,4,0,1.5860067950972743
23,4,1,1.9256838530648785
23,4,2,1.8375669785216067
23,4,3,2.074975634520016
23,4,4,2.032542991475406
23,5,0,1.9471213128210645
23,5,1,1.8270077085861933
23,5,2,1.458829796110308
23,5,3,1.7238238790730902
23,5,4,2.0373439975093035
23,6,0,1.6333088069529214
23,6,1,2.1733792227594986
23,6,2,1.5175805674676506
23,6,3,1.5976737072513179
23,6,4,1.72235560191438
23,7,0,1.8045810665781656
23,7,1,1.619324141892939
23,7,2,1.6998390133509935
23,7,3,1.715125116564995
23,7,4,1.6794675582806846
23,8,0,1.3365903742534937
23,8,1,1.5903008124268623
23,8,2,1.6516019333489158
23,8,3,2.08115414160224
23,8,4,1.602885912491707
23,9,0,1.6455531541056445
23,9,1,1.3118199370934065
23,9,2,1.8593450962523257
23,9,3,1.5362727030622112
23,9,4,1.9942432285601708
24,0,0,1.593171304045315
24,0,1,1.8840210420318564
24,0,2,1.7495113122732
24,0,3,2.1072047686838005
24,0,4,1.761343998872461
24,1,0,1.5111197490129782
24,1,1,1.7645311224760392
24,1,2,1.37015899829715
24,1,3,1.7274785566772612
24,1,4,1.8867990824744552
24,2,0,2.118565387297567
24,2,1,1.7309426058568147
24,2,2,1.551485853738938
24,2,3,1.6659750520447827
24,2,4,1.6224718392825208
24,3,0,1.7112167671467973
24,3,1,1.8146348245854989
24,3,2,1.9855749674760825
24,3,3,1.3128127757882997
24,3,4,1.7044918352146525
24,4,0,1.475956590930235
24,4,1,1.70719628588419
24,4,2,1.483587319444317
24,4,3,1.685944396157056
24,4,4,1.6384128102010038
24,5,0,1.9494025212633885
24,5,1,1.6966779367992186
24,5,2,1.5944100741851244
24,5,3,1.690597361559445
24,5,4,1.967216091128968
24,6,0,1.9963164592550926
24,6,1,1.663174636128534
24,6,2,1.5139577834212419
24,6,3,1.4309814679028894
24,6,4,1.6582744321843141
24,7,0,1.6752615404721025
24,7,1,1.637435735667456
24,7,2,1.7832166069023359
24,7,3,1.5130558095927287
24,7,4,1.8586828959225503
24,8,0,1.739116871283374
24,8,1,1.705401789610823
24,8,2,1.4795727759791908
24,8,3,1.707581374115604
24,8,4,2.152455207635642
24,9,0,2.019335079313425
24,9,1,1.9144793936853668
24,9,2,2.380898759634202
24,9,3,1.9467518285767489
24,9,4,1.808366566782438
25,0,0,1.4701171101752448
25,0,1,1.8870143627765903
25,0,2,1.713062109038779
25,0,3,1.3989845942644943
25,0,4,1.343844742430501
25,1,0,1.6394353750270574
25,1,1,1.9105449084042998
25,1,2,1.6987522696445376
25,1,3,2.0786915141455147
25,1,4,1.5456531296764875
25,2,0,1.8031875676120104
25,2,1,1.7697647139867554
25,2,2,1.648618933318547
25,2,3,1.8490185653359206
25,2,4,1.3043136158497157
25,3,0,1.9514509215476643
25,3,1,1.3608135709921925
25,3,2,1.668665783139192
25,3,3,2.009412116144972
25,3,4,2.036516907158766
25,4,0,1.5664306417724947
25,4,1,1.6723138658721708
25,4,2,2.017054648138133
25,4,3,2.1213432574957602
25,4,4,1.8398314766663557
25,5,0,1.903783421950895
25,5,1,1.4640851986235206
25,5,2,2.0372407163382285
25,5,3,1.775837827046733
25,5,4,1.4593791379189447
25,6,0,1.7187022982177758
25,6,1,1.4736457286986795
25,6,2,1.1126076270552163
25,6,3,2.0424398106555617
25,6,4,1.5840424660353136
25,7,0,1.7847485411068793
25,7,1,1.8190015116357445
25,7,2,1.8306881536707198
25,7,3,1.8473410203634293
25,7,4,1.8386744308481089
25,8,0,1.4322198318736272
25,8,1,1.6754289740651327
25,8,2,1.745818300852879
25,8,3,1.4849088692556829
25,8,4,1.8154419914178157
25,9,0,1.77606147383122
25,9,1,1.8486694035722375
25,9,2,1.8509316054983835
25,9,3,1.5752478616412589
25,9,4,1.5339036076993648
26,0,0,1.7093093236556642
26,0,1,1.328223060430661
26,0,2,1.5419801928266614
26,0,3,1.5035616029491141
26,0,4,1.790645283525819
26,1,0,1.2657941852746912
26,1,1,2.003335422678028
26,1,2,1.2217743169353936
26,1,3,1.4773080113677595
26,1,4,1.4605369152599326
26,2,0,1.669583110862382
26,2,1,1.9626093072775639
26,2,2,2.067444147949307
26,2,3,1.7096319386501286
26,2,4,1.4155598334525406
26,3,0,1.3651014091706886
26,3,1,1.5441778956210808
26,3,2,1.6224855441170827
26,3,3,1.774668945769239
26,3,4,1.7586077529263284
26,4,0,1.2655722739277673
26,4,1,1.602299419256554
26,4,2,1.3864466072227226
26,4,3,1.4558905498119172
26,4,4,1.4772912541806247
26,5,0,1.972203761744582
26,5,1,1.710214987709229
26,5,2,1.4169064142992378
26,5,3,1.600464750364623
26,5,4,1.4765380492671367
26,6,0,1.8054365469962672
26,6,1,1.6136018797703833
26,6,2,1.5334395106292174
26,6,3,1.8252429433896342
26,6,4,1.3191728037287842
26,7,0,1.6708974548133637
26,7,1,2.10795183228662
26,7,2,1.5387124228896059
26,7,3,1.6758473390618627
26,7,4,1.775806557087778
26,8,0,1.6446325286040728
26,8,1,1.5857162145893238
26,8,2,1.7088580085211023
26,8,3,1.2284975411712102
26,8,4,1.3626285171291581
26,9,0,1.9398200919888793
26,9,1,1.4031999485117927
26,9,2,1.720016883126637
26,9,3,1.7386526703631646
26,9,4,1.9715899070769858
27,0,0,1.1658161717564919
27,0,1,0.8497113577173847
27,0,2,0.9747579848404975
27,0,3,0.9811253855165819
27,0,4,1.0773161603889565
27,1,0,1.1525589904549856
27,1,1,1.196115973937948
27,1,2,1.2245780507430677
27,1,3,1.3241168501685712
27,1,4,1.3036764759119746
27,2,0,1.0176444257583748
27,2,1,1.4820016169914672
27,2,2,1.6632483853879492
27,2,3,1.102444009918845
27,2,4,1.4483813868008786
27,3,0,1.4058528568392945
27,3,1,1.3271437104717645
27,3,2,1.1821180287410977
27,3,3,0.9490662664643927
27,3,4,1.1739825220903821
27,4,0,1.0563470084090758
27,4,1,0.8582624464920119
27,4,2,0.86540443384722
27,4,3,1.1761392053925859
27,4,4,1.086628776408988
27,5,0,1.2111637411148442
27,5,1,0.9626392836267148
27,5,2,1.0484393276509787
27,5,3,1.3939150391029553
27,5,4,0.9499239121891003
27,6,0,1.0220265781433784
27,6,1,1.3774378804023524
27,6,2,1.0155828576200618
27,6,3,0.9597740380076707
27,6,4,1.2232809623086784
27,7,0,1.2506801909611012
27,7,1,1.2059196804432337
27,7,2,1.1619429412409599
27,7,3,1.3880254671732435
27,7,4,1.067433989180372
27,8,0,1.1396373484462163
27,8,1,1.0803930312683234
27,8,2,1.3865057685755775
27,8,3,1.3762395325749301
27,8,4,1.1655412446466098
27,9,0,1.1922626348499779
27,9,1,1.5357650957926698
27,9,2,0.9149953031982606
27,9,3,1.0746248972632362
27,9,4,1.4815667683640115
28,0,0,1.4452618074153718
28,0,1,1.3349777208602545
28,0,2,1.3779427019035564
28,0,3,1.6226852332066062
28,0,4,1.6154279108427194
28,1,0,1.3599308713049851
28,1,1,1.5963545901074445
28,1,2,1.9490244685696567
28,1,3,1.5996332412493404
28,1,4,1.3945597429309862
28,2,0,2.035034828932754
28,2,1,1.8786418612211198
28,2,2,1.5884676381096487
28,2,3,1.2986968643572452
28,2,4,1.1786284391268607
28,3,0,1.2327930135512433
28,3,1,1.8377641454245588
28,3,2,1.4046282226711935
28,3,3,1.616684219654415
28,3,4,1.5705212084320035
28,4,0,1.3971008698489351
28,4,1,1.5351320530165604
28,4,2,1.4966469684213992
28,4,3,1.469762845363319
28,4,4,1.6269528323059501
28,5,0,1.7450854727140153
28,5,1,1.6522036116308567
28,5,2,1.6742522360884742
28,5,3,1.4933811979205514
28,5,4,1.6947222305358964
28,6,0,1.4431322911421987
28,6,1,1.6701117403253956
28,6,2,1.7271461352726707
28,6,3,1.8664612025841463
28,6,4,1.5258253422146046
28,7,0,1.8395666618558315
28,7,1,1.6630512233426695
28,7,2,1.787200202179502
28,7,3,1.513702997935983
28,7,4,1.820257857863744
28,8,0,1.374164911185984
28,8,1,1.6124013649307227
28,8,2,1.5518089632603278
28,8,3,1.6063605350997736
28,8,4,1.664845548482882
28,9,0,1.8195692168866198
28,9,1,1.415464434292962
28,9,2,1.4589635067430997
28,9,3,1.9254757250213186
28,9,4,1.4082110329141584
29,0,0,1.4950385640393846
29,0,1,1.6665763357469605
29,0,2,1.6725650662469949
29,0,3,1.410145071839385
29,0,4,1.7510603505187727
29,1,0,1.4202410791221118
29,1,1,1.5534602672238285
29,1,2,1.4431554997081004
29,1,3,1.6204852469003532
29,1,4,1.445706162106474
29,2,0,1.6682331056545912
29,2,1,1.7573128529418711
29,2,2,1.9390664673863531
29,2,3,2.229884913207658
29,2,4,1.5942936263687502
29,3,0,2.033005541671929
29,3,1,1.7490063830931337
29,3,2,1.6254719394857644
29,3,3,1.2903263439617505
29,3,4,1.894608597857277
29,4,0,1.5628739634067095
29,4,1,1.271137618679548
29,4,2,1.5027943855827712
29,4,3,1.5624723021353297
29,4,4,1.4459290025536378
29,5,0,1.635760192388516
29,5,1,1.4870295362418504
29,5,2,1.249169368645139
29,5,3,1.7368124634094755
29,5,4,1.3184851739164412
29,6,0,1.6623254383793502
29,6,1,1.6336491227254124
29,6,2,1.52119644522797
29,6,3,1.3983141034474644
29,6,4,1.6994685768256788
29,7,0,1.460707759844805
29,7,1,1.5137108859782165
29,7,2,1.8610234507705443
29,7,3,1.7357740817804839
29,7,4,1.7412633820588428
29,8,0,1.4452016945569377
29,8,1,1.3808489952509158
29,8,2,1.454891711188611
29,8,3,1.4340914853553877
29,8,4,1.4906395251922901
29,9,0,1.4305516892501324
29,9,1,1.3582403674376333
29,9,2,1.4949309989595072
29,9,3,1.6759300502041334
29,9,4,1.5546306211032908
30,0,0,1.7192076076630136
30,0,1,1.9953960244143465
30,0,2,1.2226275315673676
30,0,3,1.414824335345628
30,0,4,1.859932259872676
30,1,0,1.720989097232147
30,1,1,1.3457962946386495
30,1,2,1.6849420079578126
30,1,3,1.3321132161022202
30,1,4,1.958139119507501
30,2,0,1.704780445396394
30,2,1,1.2945268959763954
30,2,2,1.809425311801382
30,2,3,1.705390560721091
30,2,4,1.4337581370785446
30,3,0,1.4429668491704173
30,3,1,1.375828068097363
30,3,2,1.3388116167130295
30,3,3,1.156478235030391
30,3,4,1.3213924663533945
30,4,0,1.408190239398298
30,4,1,1.592239837975835
30,4,2,1.2490924659035998
30,4,3,1.833940411487884
30,4,4,2.0458793936760067
30,5,0,1.7402993588578186
30,5,1,1.9136587447492397
30,5,2,1.2893872748364
30,5,3,1.5332664509697085
30,5,4,1.6491893720485158
30,6,0,1.8087811456035578
30,6,1,1.6307369553697668
30,6,2,1.5861223019494124
30,6,3,2.0457241220060514
30,6,4,1.8259925071862286
30,7,0,1.4473800242477626
30,7,1,1.6667032647004971
30,7,2,1.47069469636337
30,7,3,1.7747382315293065
30,7,4,1.6373147992714645
30,8,0,1.159211842153391
30,8,1,1.5894832943384696
30,8,2,1.5793589717033591
30,8,3,1.1870188183279986
30,8,4,1.9692901456441687
30,9,0,1.6633985136283704
30,9,1,1.355274871093198
30,9,2,1.6615454372499197
30,9,3,1.7158335194250918
30,9,4,1.419874816064731
