condition,checkpoint,seed,phi_r_g,phi_r_z,phi_r_g_shuffled,group_decoupling_g,group_downward_g,group_part_driven_g,atom_base_part0_to_whole_g,atom_parts_to_whole_g,atom_part1_to_whole_g,atom_whole_to_part0_g,atom_whole_to_parts_g,atom_whole_to_part1_g,atom_whole_to_whole_g,atom_part0_to_part1_g,atom_part1_to_part0_g,whole_to_single_sum,whole_to_parts,downward_reconstructed
coupled,48000,1,1.909686685114141,0.10201972170781315,,-0.99265716758832,2.6765973696336203,0.07219637902464299,1.375102290073578,0.3719367459249327,1.1761734315235515,1.1992046125102322,0.1752717735090607,1.487072648730138,-0.99265716758832,-1.6174368744717103,-1.2381242012026843,2.598877681468724,0.1752717735090607,2.67659736963362
coupled,48000,2,1.8723818193631165,0.105101933424357,,-0.8710645044583123,2.4651079998692706,0.06876314808377335,1.3214308252227527,0.3927988936835823,1.198852064993172,1.3421388099779183,0.15796035013239623,1.099084349767739,-0.8710645044583123,-1.3889609212314662,-1.4836679913885031,2.398713681930579,0.15796035013239623,2.4651079998692706
coupled,48000,3,2.03431984755294,0.0795678238196023,,1.198004765046993,0.7928839342781151,0.0634288240043176,-0.10880680954894059,0.7856276755924089,0.0,-0.062179604450875524,0.12453970770066884,0.725609573769462,1.198004765046993,-0.7800787245539965,0.0,0.6881197826792051,0.12453970770066884,0.7928839342781151
coupled,48000,4,2.0694202127016723,0.07874120100580101,,-0.7039817306408578,2.8258087148913162,0.09456838436393385,0.9929906059072479,0.8892586634311246,1.1364219919254475,0.8609470883727979,0.2611734384183786,1.6806779200209125,-0.7039817306408578,-1.7347460390054943,-1.1385842468850274,2.563653864756897,0.2611734384183786,2.825808714891316
coupled,48000,5,2.158141694192951,0.043816883026697,,0.28833278866817813,1.8327860582135878,0.0746621670551279,0.49345492567110205,1.166562776445469,0.2269932866749522,0.1278414667733978,0.1214565073612197,1.2921748630787235,0.28833278866817813,-1.4186686374043238,-0.22034923913444684,1.706625274218498,0.1214565073612197,1.8327860582135878
coupled,48000,6,1.985879393596449,0.04447822133551745,,-0.5750473220936494,2.4968049467420057,0.09058308627615641,0.740436319648155,0.9854985538960367,1.0076988368978914,1.2040515701547552,0.36271830266628613,1.3227780702809055,-0.5750473220936494,-1.3594714719080874,-1.2536641098031587,2.1955096218194203,0.36271830266628613,2.4968049467420057
coupled,48000,7,2.4016731938312796,0.03989506929173805,,-0.3739401584836122,2.989384696339856,0.06578673435015715,1.082156578040082,0.5449607387422823,1.2257048041929743,1.2068376392541798,0.20270037635875499,1.6946088465245819,-0.3739401584836122,-1.7338127995652077,-1.293357804148314,2.636325588426912,0.20270037635875499,2.989384696339856
coupled,48000,8,2.026787226348145,0.06573137674457336,,0.3809995266763331,1.553389011999331,0.0798045936519891,0.36970656756677406,1.2855058120131235,0.011966745172478421,0.0,0.14530257116646494,1.4396321814376432,0.3809995266763331,-1.5774412531298627,-0.006208210944174261,1.3128416054902625,0.14530257116646494,1.553389011999331
coupled,48000,9,1.8298695879543132,0.0130490533979421,,-0.8169685325995932,2.2526776455729727,0.06630943383305116,1.528396347526587,0.38341322313603576,0.9138423502002537,1.0434067426541218,0.19088591874693125,1.1223463144496826,-0.8169685325995932,-1.6930067214427935,-1.045205811664362,2.0968025494056217,0.19088591874693125,2.2526776455729727
coupled,48000,10,2.153214758778585,0.24993378076790707,,-0.38452017947010564,2.3432404221380465,0.05187523181029435,0.9086099437006836,0.8278969533963927,0.9522006500314502,0.8263830452496173,0.22070739570520076,1.4470025739899337,-0.38452017947010564,-1.5657345412711945,-0.9534096261352893,2.1047161077171057,0.22070739570520076,2.3432404221380465
coupled,48000,11,1.9802791138117115,0.06178188167199555,,-0.8005072634684867,2.2386406396046614,0.06763762121306491,0.933534261119077,0.5444370393273326,1.003678358369116,0.9033137869981522,0.24274899899595445,1.2703969549493155,-0.8005072634684867,-1.4058730255920646,-1.0228003838126396,2.1324179788399666,0.24274899899595445,2.2386406396046614
coupled,48000,12,1.804072491639563,0.11048192324603759,,-0.9888859897400857,2.678747112150809,0.046451076391247154,1.3381079926749786,0.32237383883792065,1.2355791247123493,1.2183946009897366,0.20916362518039605,1.2888395023596169,-0.9888859897400857,-1.447495397249608,-1.3761709807236224,2.478161700049089,0.20916362518039605,2.678747112150809
coupled,48000,13,2.0271998930083526,0.035210488869055354,,-0.8435804438473746,2.8227841341385815,0.11367585544732281,1.297013985666804,0.7249277562522973,1.104015945276643,0.9840809103596055,0.2332405608766529,1.560939995434498,-0.8435804438473746,-1.8602933511265962,-1.1257985890408402,2.591673190367902,0.2332405608766529,2.8227841341385815
coupled,48000,14,2.4329334763942647,0.04845477823553635,,0.09614283006937341,2.1357925674188993,0.0614934750838377,0.5513873324351444,0.9103451586093052,0.8408543621670719,0.4332373783762805,0.2434447538611238,1.4261671485070377,0.09614283006937341,-1.5138777997134476,-0.8409867130185342,1.66584557642322,0.2434447538611238,2.1357925674188993
coupled,48000,15,2.092533203195382,0.11444618556902875,,-0.5186117343759526,2.4045143489659493,0.0965668231146362,0.9956447539410471,0.7211301767986129,0.8581316096004619,0.9258996439439227,0.1631192821758382,1.4330660896052831,-0.5186117343759526,-1.5098345390970649,-1.105848391125106,2.225063235441061,0.1631192821758382,2.4045143489659493
coupled,48000,16,1.9598428793338267,0.0336392080159588,,-0.8305564096467455,2.7676134095935097,0.0918060223471576,1.1379737694752077,0.7398392065571168,1.1546032621561704,1.4326542026790499,0.18268875866989787,1.2581575924419606,-0.8305564096467455,-1.3001988724792457,-1.8009294587181408,2.4737625417016504,0.18268875866989787,2.7676134095935097
coupled,48000,17,1.792310491522793,0.10044508508717505,,0.1198828301931221,1.4953366438162443,0.060875033658867095,0.5516211649859939,0.6441822533707617,0.4502284620502721,0.43294142556524196,0.04851241950940925,1.0113528097087277,0.1198828301931221,-1.1414001654664387,-0.5009343018095981,1.3633761382843268,0.04851241950940925,1.4953366438162443
coupled,48000,18,1.9802477012056423,0.02504827586056945,,-0.764184087835053,2.4735670697051564,0.12183653811619705,1.1216220956340344,0.666664633175333,1.0636741315914429,1.015035740943809,0.050795199591584794,1.6006018371953235,-0.764184087835053,-1.776081868336214,-1.0775105936340634,2.455193704785095,0.050795199591584794,2.4735670697051564
coupled,48000,19,2.3187745736360905,0.01809273360394595,,0.3521165618273758,1.9836599926753187,0.06916504314896765,0.7232581041065388,0.5131730937149847,0.9675036096631289,0.7942118566196273,0.107067763423603,1.120926755407445,0.3521165618273758,-1.134367779467945,-0.9671702843779364,1.7767678122004378,0.107067763423603,1.9836599926753187
coupled,48000,20,2.306433863865089,0.09172349549538195,,-0.011403691684421347,2.089469034492677,0.06395993959811369,0.9168811778174742,0.4779479237683423,1.0248168531892141,1.0680869997028397,0.24061273694700955,1.2085901171792621,-0.011403691684421347,-1.2327902360705492,-1.0984212527047186,1.880164838400013,0.24061273694700955,2.089469034492677
coupled,48000,21,1.8013918208378836,0.0428510507071221,,-0.8258533249964364,2.4016109548589344,0.06566921931754124,1.3509918555552796,0.261287089168998,1.0041825889013336,1.0484126550368678,0.11636756415180645,1.1545835408634209,-0.8258533249964364,-1.4996541987368048,-1.0765165568372859,2.26143261866072,0.11636756415180645,2.4016109548589344
coupled,48000,22,2.3387225250523134,0.13112405968649915,,0.10652952630399909,1.9202940307737215,0.0819561854006321,1.1467692039810249,0.5036477136936106,0.44353752179199585,0.8309756131355821,0.24981008883621247,1.042224987269304,0.10652952630399909,-1.4204711856794847,-0.8285443939456159,1.4641609426733073,0.24981008883621247,1.9202940307737215
coupled,48000,23,2.5589212390807825,0.02756059071323655,,-0.9488351109711228,3.1691517139626217,0.06501678297513055,1.4804712251241996,0.6457192587283016,1.3682655078793076,1.3194904146452222,0.1356959038839631,1.7113292673160774,-0.9488351109711228,-1.8883652216458948,-1.3793904935665842,3.0128931426524956,0.1356959038839631,3.1691517139626217
coupled,48000,24,2.167648938906197,0.01630420284029875,,-0.3672768170550582,2.3749154576134455,0.0654135906754227,0.9973288791111434,0.5253298217610693,0.9131878317194311,1.169412129179431,0.12811208894955,1.2858577353357,-0.3672768170550582,-1.464486153413226,-1.2072314572433207,2.227679323979163,0.12811208894955,2.3749154576134455
coupled,48000,25,2.1777971660618514,0.14242364033480986,,0.3424612742551356,1.6464835121017913,0.0645948879999535,0.2232437001193435,1.285953091723289,0.0456792622459167,1.1811713986201524,0.3906660820982919,0.06819802038567935,0.3424612742551356,-0.43112212725691235,-1.1872596090461198,1.297460763203198,0.3906660820982919,1.6464835121017911
coupled,48000,26,2.207064544735627,0.03957907085789325,,-0.7118127223915134,2.916890707901226,0.06727786961299405,1.1432562750266908,0.7271287392772322,1.1764432339370603,1.4029397858643402,0.07538713750613085,1.65282648375499,-0.7118127223915134,-1.7620892099604817,-1.5127588275454595,2.810569743577755,0.07538713750613085,2.916890707901226
coupled,48000,27,2.471712594875519,0.010825308289287901,,0.7708262886881332,1.6234505349122015,0.010842383648814801,0.01210687465469935,1.6182541202808265,0.0,-4.440892098500626e-16,0.056232006736963006,1.584912505582303,0.7708262886881332,-1.6346908244877325,0.0,1.541175957601796,0.056232006736963006,1.6234505349122015
coupled,48000,28,2.20186861280596,0.08135008971165085,,-0.8804849593154547,2.9282559973975237,0.0785573212501009,1.2040126203676431,0.6021115937422782,1.1641084495739509,1.1004951510954655,0.14133341681469525,1.568348071734205,-0.8804849593154547,-1.8680893433496895,-1.237841334794008,2.6611900280734453,0.14133341681469525,2.9282559973975237
coupled,48000,29,1.6725400611361807,0.0328249250891721,,-0.061315443450252055,1.5813836299540847,0.050086664415442045,0.5575984301140429,0.8006700815695746,0.3411177290356774,0.3009820094962664,0.0597233122284467,1.3049195092089192,-0.061315443450252055,-1.5349429052743981,-0.3421533173334962,1.4485069819493508,0.0597233122284467,1.5813836299540847
coupled,48000,30,2.1900797280691213,0.0314085799183183,,-0.4383571127054884,2.6961048723860213,0.0826648032667769,0.6158334206373994,1.074440635636555,0.9513693520557875,1.0983396586109855,0.18966448304725753,1.4876699311051498,-0.4383571127054884,-1.5748561411261526,-1.3167749013510281,2.3227190578179995,0.18966448304725753,2.696104872386022
default,0,1,2.6282116728642992,0.0201703951702083,,-1.2781097480725072,3.658991295118003,0.0832998012142549,1.2720002643701287,1.163018390291099,2.400569225795956,2.093987465439825,0.1646687388713956,1.3811514824410613,-1.2781097480725072,-1.3923271044726273,-3.413747038527437,3.475138947880887,0.1646687388713956,3.658991295118003
default,0,2,2.6606708756405277,0.02399650584391465,,-0.6637677558542552,3.611796968925412,0.11559285047338065,1.4501658946303115,1.2289574779280925,1.2397533471670283,1.5788134981466184,0.264272959799195,1.9056361250271323,-0.6637677558542552,-2.4147122213740824,-1.927376275690105,3.0895999042652864,0.264272959799195,3.611796968925412
default,0,3,3.446375480580018,0.01645707882335035,,-1.4816476318254868,5.145222221456379,0.0944663489976581,2.5989816699290937,0.6946781304615586,2.250035116474706,2.284845355152224,0.2068940234835086,2.4071590496290534,-1.4816476318254868,-2.901769060038544,-2.5366016081520533,4.646230988551669,0.2068940234835086,5.145222221456379
default,0,4,4.1840030935182275,0.0125258416706189,,-2.2590185825198614,6.6379133572429785,0.043332904414004045,2.8616876087892287,1.0834954766154072,2.5355336220681677,3.3861913980910936,0.13252223766963064,3.6947568536122546,-2.2590185825198614,-3.8091979267152887,-3.451792728991029,6.142282683790037,0.13252223766963064,6.6379133572429785
default,0,5,3.6395958539544626,0.0484434555588202,,-0.904194641265033,3.7774283813630607,0.19741412159723126,1.5513159436884199,1.3037041772194216,1.345036093280406,1.6968932052278265,0.7342957838638581,1.4521842639794447,-0.904194641265033,-1.7022756945314375,-1.9030309113037227,2.970979491040265,0.7342957838638581,3.7774283813630607
default,0,6,3.1652973009920102,0.029890557904791948,,-0.5748924120521384,3.71409697449625,0.18032078017054703,0.8880441350368438,1.6574601416900443,0.8842212722638205,0.7507763067073622,0.35646130044646673,2.2843349253828826,-0.5748924120521384,-2.546942952967521,-0.884080301818549,3.230096653382478,0.35646130044646673,3.71409697449625
default,0,7,2.818328193461009,0.02220933933708465,,-0.7156139121535037,3.8929353265169047,0.07731603512874624,1.4951429337102777,1.2653779637999152,1.2995667685515726,1.289846703460558,0.06351010011598295,2.1390261271590996,-0.7156139121535037,-2.5569471796325702,-1.7123034363343765,3.6991727232422003,0.06351010011598295,3.8929353265169047
default,0,8,3.0058773997545,0.016162870541039348,,-0.603462695187758,3.6122796182697874,0.07774731918734384,1.28752880272111,1.2334715043270001,1.0662730553921533,1.3545571468146878,0.4300724797495097,1.4695263371893117,-0.603462695187758,-1.9009538429490673,-1.7750449760410554,2.889085551318559,0.4300724797495097,3.6122796182697874
default,0,9,3.0292584391238746,0.028756607350593,,-0.3021752416904912,3.195992237804397,0.08909396370800446,1.1728169615938646,1.2011671315560737,1.1685876662530261,1.6338632019094503,0.06452426354637515,1.7882945134132795,-0.3021752416904912,-1.846673179422146,-2.112591282251731,3.14903129158596,0.06452426354637515,3.195992237804397
default,0,10,3.747590670860978,0.05501843156286525,,-1.5153690450103237,4.941720379941039,0.0988853534119008,1.9785815444981978,1.6344883474253147,1.8298570229802336,1.638425830554786,0.32637281958436937,3.001961899155745,-1.5153690450103237,-3.0624579837285237,-1.8297004565767758,4.757809888794393,0.32637281958436937,4.941720379941039
default,0,11,3.7064944599275833,0.0245925268655098,,-0.07595696920642585,3.8540912899164566,0.1492665410131317,0.8867741925240402,2.2864655006095362,0.7182590415143635,0.9120475546784458,0.7127199381209532,2.326853203483003,-0.07595696920642585,-2.354928766415086,-1.1971973009939398,2.7366146389838675,0.7127199381209532,3.854091289916457
default,0,12,3.7082034166513145,0.041483639305088,,-1.1164989810148205,4.566673472090239,0.06952351320820341,1.3722095260403326,1.2698307521823904,1.9218719584540225,1.5483865869654758,0.40068169319532854,2.38571004408833,-1.1164989810148205,-2.572617201705075,-2.209574746541313,3.9932619346275144,0.40068169319532854,4.566673472090239
default,0,13,3.853616086642607,0.027221239841538597,,-1.961641044439144,6.10658147444857,0.10799335733749266,2.3966776771759903,1.0056806107993113,2.7787227031243296,2.310679363969874,0.3059349814724215,3.2917241631156626,-1.961641044439144,-3.3450004644947375,-2.779595491437946,5.656874711411866,0.3059349814724215,6.10658147444857
default,0,14,2.807525865961906,0.03483846891730645,,-0.13118415214931956,2.868211299076668,0.047574998332528054,0.68351445905101,0.911029839821799,1.5202954557380899,0.6663755549324966,0.7344834186675084,1.745425143733264,-0.13118415214931956,-1.7637922803964399,-1.5194912367215503,2.3274268780808067,0.7344834186675084,2.868211299076668
default,0,15,3.362991681740098,0.01120372624410575,,-0.9701566081603379,4.204876059204343,0.11782027762745365,1.1765395501170635,1.8793008725997136,1.294886360193827,1.0075575708532365,0.4292760754875877,2.6313099904219537,-0.9701566081603379,-2.692404910802578,-1.2937109275582919,3.7884930192312773,0.4292760754875877,4.204876059204343
default,0,16,3.22587543064762,0.0173412118585133,,-1.3333977903116803,3.8024558535548465,0.1148554639198726,1.5938996752806964,1.5326452673030326,1.4944781392845314,1.7076071727349915,0.4769559813567088,1.8837571774200572,-1.3333977903116803,-1.8840747390078927,-1.8861713105655664,3.510953074065804,0.4769559813567088,3.8024558535548465
default,0,17,4.105751538965297,0.0464475492019933,,-1.585342481899994,5.244690537698479,0.12859101204711296,2.337622316252316,1.1095354101416877,2.1303448289071985,1.96719595900679,0.2914799662687886,3.006937599867095,-1.585342481899994,-3.24300984011571,-2.1241568669810516,5.078142770164616,0.2914799662687886,5.244690537698479
default,0,18,3.833735759093402,0.0550516483052454,,-1.6610158882807635,5.292551957993046,0.10926332314482765,2.333228946326087,1.2939966159735634,1.9525898674010902,2.8693306219487864,0.2641359704694892,3.0255830906107697,-1.6610158882807635,-3.204467395653321,-2.9431001879182954,4.963840683505484,0.2641359704694892,5.292551957993046
default,0,19,3.083029459210206,0.040234374148257604,,-1.2586180682592536,4.6474624528017126,0.08201455619731865,1.8663105749246542,0.936706711461539,1.9536243036209857,2.1592179632013546,0.3864168751436685,1.8195250868126833,-1.2586180682592536,-2.105046267597816,-2.3538502373362356,4.250779231376013,0.3864168751436685,4.647462452801713
default,0,20,3.0724959114128456,0.028314622119718552,,-0.6515694744033604,3.320712723000116,0.11962824770389631,1.5035595523914629,0.9828140708561793,1.4725629274207017,1.3742887386346418,0.2773499007977358,2.0141889807707387,-0.6515694744033604,-2.2533816467820236,-1.4761901593133477,3.050061553377466,0.2773499007977358,3.320712723000116
default,0,21,3.5488512158573617,0.0148549951103862,,-0.9929378409621235,4.52293899956717,0.06941330246807381,1.5056759996552667,1.0804714747225426,2.1125214503876144,1.662776925087742,0.9722104394314304,2.315565571495438,-0.9929378409621235,-2.3499946457452014,-2.325930608645124,3.5873692770802235,0.9722104394314304,4.52293899956717
default,0,22,3.098097867950794,0.04917171594103155,,-0.6547986141465856,3.4012177399780983,0.0970074547403996,1.1044090710779866,1.1048342340919177,1.2330263112519932,1.0630344403604461,0.4195905175883889,2.306682671692625,-0.6547986141465856,-2.3735435621208563,-1.2376705509287402,2.936196006851694,0.4195905175883889,3.4012177399780983
default,0,23,3.194659530241694,0.033655501503722596,,-0.8162580772804104,4.332020188858207,0.0608329767280614,1.7296957643400441,1.685135911989871,1.1667342221461445,2.2676286955638916,0.3679660859645908,1.6993952739577598,-0.8162580772804104,-2.1518739620810337,-2.3848986054769608,3.7126520938499707,0.3679660859645908,4.332020188858207
default,0,24,2.748241551431341,0.03417111152250005,,-0.9303948145631734,3.2193255740902473,0.08138272366730265,1.199215857906474,1.0145767646149069,1.449738506275331,1.33750883313295,0.43032650729022975,1.8690808494857736,-0.9303948145631734,-2.0865575892554045,-1.629258308826231,3.182175636527191,0.43032650729022975,3.2193255740902478
default,0,25,3.6174986027562976,0.0233699694587547,,0.0632817237251721,3.7271453216761405,0.03975679345593765,1.0318541872302882,1.3317121131192962,1.1455097429189574,0.891902372930403,0.6312254924758771,2.1555799822069863,0.0632817237251721,-2.1688755778212503,-1.3132917207640538,3.0613970672765505,0.6312254924758771,3.72714532167614
default,0,26,3.156795910282159,0.0305672830486785,,-1.4896118680137609,4.3570958694876785,0.0940210389854938,1.8703132480672378,0.5775818419929135,2.399600314359509,1.839208583628014,0.4328012311099638,2.0512624124705034,-1.4896118680137609,-2.0597466369048165,-2.5527349994841613,3.864864029584749,0.4328012311099638,4.357095869487679
default,0,27,3.42826669014314,0.01511185456822765,,-0.369138871017368,3.559187079463077,0.11605182441353455,1.0071737521884347,1.8976716792457018,1.0562047642101566,1.0293128705426993,1.04111350240786,2.1437252782008818,-0.369138871017368,-2.2262239612583503,-1.4350143549938044,2.882396766726517,1.04111350240786,3.559187079463077
default,0,28,2.9096585207833607,0.0404420922374591,,-0.9856726757732743,4.153742084336752,0.07181940964050795,1.6956889158235184,0.5741547530029043,1.7824955451487492,1.822382730074279,0.1741549083893896,2.2070729730742693,-0.9856726757732743,-2.2324858977622304,-1.9183020221635048,3.7363122498611823,0.1741549083893896,4.153742084336752
default,0,29,4.5915257253910315,0.03646764635555075,,-2.9774491855417495,7.116640762418901,0.5950632085595537,3.15735646430446,0.8388320605567614,3.4425665418547893,3.3032048498589557,0.6851564966650017,3.1237198539388045,-2.9774491855417495,-3.213381045074805,-3.6409904998534293,6.434950853844176,0.6851564966650017,7.116640762418901
default,0,30,3.5085610973182,0.01175234105064475,,-1.865893857205287,5.435210528134872,0.10475406687862375,2.2492121775589107,0.7823367847752134,2.6512056653338236,2.2331834501154653,0.5539736009893206,2.734977861438523,-1.865893857205287,-2.843070032058807,-2.6524769163265454,5.054583639530637,0.5539736009893206,5.4352105281348715
default,48000,1,2.2243707188570854,0.05560523148833285,0.0029034441106612,0.7218041861475739,1.2871286669313826,0.07528167152091875,0.17473445364236706,0.9557244750820393,0.10140645368671761,0.089173369434533,0.08637115450082969,1.0873276953155269,0.7218041861475739,-1.1732364133458122,-0.07365961431082706,1.1213581372047503,0.08637115450082969,1.2871286669313826
default,48000,2,1.7207093416130224,0.05773888254991745,0.0048105648770141,0.8405768804945319,1.040972530652008,0.04372810987125855,0.10719737338450369,0.5182075630055534,0.08841226673820535,0.05692400412421105,0.058279864623744654,0.8167232194460181,0.8405768804945319,-1.0309328188963245,-0.0826386742640488,0.9370188608625801,0.058279864623744654,1.040972530652008
default,48000,3,1.6510810730497734,0.04582307023362395,0.00520991970175725,-0.15851504988106163,1.7854020505382047,0.05960533619416425,0.6866244895658083,0.9044151420496715,0.30116418628741315,0.5118219848269059,0.04673014671371675,1.38083449865861,-0.15851504988106163,-1.5150870449385283,-0.5290712733218105,1.7729322353087744,0.04673014671371675,1.7854020505382047
default,48000,4,1.9577546448671304,0.052358640896085,0.0059474868796664995,-0.5363882156608633,2.3018184494543057,0.07276700214401449,0.8697560211910383,0.5294083836016096,0.9458588419794929,0.655912397105415,0.1356106909865061,1.2696532075772888,-0.5363882156608633,-1.3300134114148532,-0.9345496051038291,2.1111723799265287,0.1356106909865061,2.3018184494543057
default,48000,5,2.2714877910710967,0.01672726870773785,0.0029317433781164,0.36374577972481775,1.8001111259733924,0.0634767513290406,0.5307648661220449,1.0051165206352866,0.030745536518297,0.9932930158006561,0.17629322026450012,0.9488973925390689,0.36374577972481775,-1.0169322651757295,-1.0050366171330352,1.3380883174161458,0.17629322026450012,1.8001111259733924
default,48000,6,1.7659483432756868,0.05989447748900175,0.00677232644170205,-1.0888624562087306,2.901975837443934,0.0770847885560833,1.451650847358308,0.3298672619922335,1.2330115788540335,1.2326381313001933,0.23040319012498095,1.4291633459638853,-1.0888624562087306,-1.7136884455791757,-1.284410947004789,2.7029521740438445,0.23040319012498095,2.901975837443934
default,48000,7,1.8511468495344507,0.05952823220590165,0.00574651238870575,0.3071699667704586,1.4621969831661472,0.08946891378009865,0.7141045181904343,1.0243746157755174,0.3266569416775128,0.32420872101568177,0.09988256343645194,1.1619640527464234,0.3071699667704586,-1.2405054181211663,-0.3255101752225429,1.4149473537896893,0.09988256343645194,1.4621969831661472
default,48000,8,2.158670081516901,0.0331657588136905,0.0047495964077197,0.4016887962837621,1.8560488128174168,0.038478331839153904,0.6230020899830829,0.5978288231404301,0.7526634265811641,0.6035122163944597,0.09273439031277106,1.225079194327562,0.4016887962837621,-1.3129378666483995,-0.7501933726384189,1.7523945383095705,0.09273439031277106,1.8560488128174168
default,48000,9,3.3374410699955894,0.0235478751658368,0.0011607873347505,0.997268860056765,2.283406218679585,0.048269980034837304,-0.21236105789182275,2.104161223681366,0.4376398037849505,-0.15502792919362005,0.9974339854541474,1.6713072536079725,0.997268860056765,-1.6656003020585628,-0.4315854448288869,1.409461126674648,0.9974339854541474,2.283406218679585
default,48000,10,2.062123486090578,0.0491940348177112,0.0060945984235303,-0.3666889768758663,2.040642040888329,0.0553974549193232,0.8605365445566041,0.6188187539060832,0.8934865628077292,1.0308254881469707,0.29673027499562943,0.9834007410343875,-0.3666889768758663,-1.0551443256279596,-1.128118500234799,1.8937628181400274,0.29673027499562943,2.040642040888329
default,48000,11,2.0740153136863846,0.1062146748036937,0.00312567323948705,-0.026190172962267104,1.861919477476111,0.1065932999727965,0.5418511657077145,0.7073794900453954,0.4320120457283064,0.9143946010386563,0.3049853520375307,1.301167457599092,-0.026190172962267104,-1.3789793259845635,-1.1150637089282798,1.5712367745370999,0.3049853520375307,1.861919477476111
default,48000,12,1.710629062053592,0.03955077394849045,0.0053604821867186,-0.6600503254139418,2.289837540365161,0.08720026704789305,0.9744032595344982,0.45118360219111175,1.041377302869495,1.0724642909434643,0.19060309338644685,1.1086770907159262,-0.6600503254139418,-1.3774042788883865,-1.4246269985282347,2.011664399862103,0.19060309338644685,2.289837540365161
default,48000,13,2.100457394862701,0.055919818648206054,0.0049065597336912,0.2460848339489454,1.6208921447083746,0.0711431653776021,0.14909696053906105,1.1055370905632056,0.25788995781474805,0.30638837112498807,0.29030572531732374,1.068045115214918,0.2460848339489454,-1.080670443938248,-0.6446919432689695,1.3086467629799,0.29030572531732374,1.6208921447083746
default,48000,14,2.0794008601656127,0.12611719931554324,0.00549600343289855,0.33515684771570803,1.6666819212037345,0.06407345631859945,0.596429629435351,0.857088151633734,0.44633786352602367,0.8671303246336144,0.2561769106385094,0.8653281375475248,0.33515684771570803,-1.193165444079923,-0.9221065927184524,1.5435592214587794,0.2561769106385094,1.6666819212037345
default,48000,15,1.8727136228088013,0.05900372234536125,0.0050397086030267,-0.04180760033406375,1.8406061124741266,0.0689987399114593,0.7204894643877171,0.46280116548921935,0.8429331640741371,0.6501245224072011,0.16388027931736476,1.1932386125833645,-0.04180760033406375,-1.3604278779209342,-0.8456410964769636,1.680130240351716,0.16388027931736476,1.8406061124741266
default,48000,16,1.9728200445382678,0.0297801585332391,0.00586376281090425,0.0516060022651794,1.5049991273485106,0.0616464725547787,0.569275047910287,0.8405494874083195,0.5096399462848595,0.9327058512992058,0.14032306392218635,0.7487023407563641,0.0516060022651794,-0.8942702953703395,-1.1595747589267593,1.4852385270820592,0.14032306392218635,1.5049991273485106
default,48000,17,1.8030387376993113,0.06050425569360815,0.0041854707675905,0.6053400045746471,1.0868361006616034,0.058756260056780155,0.23341528422929264,0.8279948981935185,0.19313380395414625,0.17118533944573305,0.05211634804375895,0.8847820483086504,0.6053400045746471,-0.966830047022695,-0.1704075717119316,0.8794455246535938,0.05211634804375895,1.0868361006616034
default,48000,18,1.8592378400783254,0.07025028049895961,0.00435967843236525,-0.3663849349853569,2.1130522798254394,0.045971373308994645,0.7648857574789927,0.37832633095881635,0.7969492649972536,0.7985750062034501,0.17240570767729102,1.1877107723291256,-0.3663849349853569,-1.3886039784274748,-0.9201142951992002,2.019185485068008,0.17240570767729102,2.1130522798254394
default,48000,19,1.914450246718702,0.14116758160428924,0.00360636714500235,-0.4741157425345284,2.14522531417205,0.09832673305678725,0.8898249678076593,0.7863899038862573,1.0133955748338048,0.9048825206419823,0.2490644008980567,1.3203773408809663,-0.4741157425345284,-1.409597262010816,-1.0230597323237327,1.9883914860031824,0.2490644008980567,2.14522531417205
default,48000,20,1.9401759590422194,0.06228737536285835,0.0045448793147456,-0.4737134361597657,2.1495599938594143,0.058360590546014446,0.9988802220479456,0.8048196633771778,0.721778972739344,0.8845225843234954,0.06549737723888466,1.4148181653786278,-0.4737134361597657,-1.697931133225162,-1.0487865888037704,2.118782578049143,0.06549737723888466,2.1495599938594143
default,48000,21,1.702112091776916,0.02949830551749295,0.0038484993069652,0.1632434623576695,1.1831221222757344,0.04064216313939805,0.2715522647294133,1.1537608374401724,0.0063063732064138,0.00297529497060855,0.0599513250500629,1.1230770126497882,0.1632434623576695,-1.4102880592664095,-0.0036948686106399,1.161675133018658,0.0599513250500629,1.1831221222757344
default,48000,22,2.4082512378976184,0.11231832611251795,0.00280657060817665,0.777005081523754,1.5746844516902023,0.10816816353247291,-0.0237228026916989,1.2710556891347107,0.21944253603720093,-2.220446049250313e-16,0.1479308645693091,1.265597722378645,0.777005081523754,-1.3502120834735183,-0.21278312385094472,1.4710569587182247,0.1479308645693091,1.5746844516902023
default,48000,23,2.127492606139233,0.018814837385945048,0.005714090839195,-0.43398999593802223,2.362325126981427,0.10880212044360925,0.9359174823381615,0.6754714752169648,0.9282612528258899,1.030072331982304,0.21641764168681385,1.0233091858851027,-0.43398999593802223,-1.1624958941670915,-1.2993674802673023,2.1459074852946127,0.21641764168681385,2.3623251269814265
default,48000,24,1.8172819887948228,0.06860080894288445,0.00298269706806675,-0.15178878551370364,1.8608231518876435,0.0900966509158773,0.47944414247830724,0.852020979245238,0.5849132915595278,0.9644892708727132,0.18450782670314997,1.2635024689885452,-0.15178878551370364,-1.3367901347310378,-1.0154635433848411,1.7075505615782531,0.18450782670314997,1.8608231518876435
default,48000,25,1.999545466359239,0.08572656728838016,0.00573658790331365,-0.4437980277558562,2.266770790224662,0.10942950061270096,0.7378812569835891,0.7822022226674754,0.8719196610132529,0.6860834593905818,0.24520229116250042,1.3003364097540615,-0.4437980277558562,-1.4275550374735038,-0.96879637374722,1.9745960485986298,0.24520229116250042,2.266770790224662
default,48000,26,1.9846755409289263,0.046231685150059945,0.00344064532920085,-0.6939589160479689,2.6091415100297124,0.0888350097213026,0.9761867918288305,0.4825203456764189,1.170067997575732,0.9003798911089507,0.21369676124000975,1.4785758816418921,-0.6939589160479689,-1.5607274110220062,-1.1754653558701953,2.3137480188954864,0.21369676124000975,2.6091415100297124
default,48000,27,1.6745056727359695,0.10226903352108904,0.00327519262298655,0.8628754217721033,0.8424301642599924,0.0655391970865695,0.12580930106281457,0.8786405055363684,0.0,0.0,0.07098866979671956,0.6345204285920164,0.8628754217721033,-0.6782938842210289,0.0,0.6073558060197798,0.07098866979671956,0.8424301642599924
default,48000,28,1.6994492439369453,0.045421258785747,0.0044018015552042,0.33527676092399433,1.3082739181524805,0.1083426889916414,0.1348007254057568,0.9397844048259474,0.11988694838473196,0.842966274242019,0.0820328963589449,0.42223020320674953,0.33527676092399433,-0.4729360651191662,-1.0395583688627381,1.1991303484493183,0.0820328963589449,1.3082739181524805
default,48000,29,1.703319328602426,0.0802066096594312,0.0071487870559466,0.06056621213565541,1.4914175590092908,0.09069006226897575,0.40186427074616804,1.1019372073899674,0.37956854581905464,0.5730837758780829,0.0564936925060962,1.111485264621939,0.06056621213565541,-1.1635361850320736,-0.5983155423722797,1.274434072153239,0.0564936925060962,1.4914175590092908
default,48000,30,1.8604732119596266,0.0221577432459229,0.0051964287040774,-0.20989678532014183,2.1400574322134833,0.08323863923471089,0.5786095299763448,1.1103304711565274,0.6364153028904965,0.4012000301440505,0.11632161866236254,1.3919292236773542,-0.20989678532014183,-1.5972125608929635,-0.6373372104676034,2.0436545832187036,0.11632161866236254,2.1400574322134833
