seed,episode,phi_z_pre,phi_z_post,phi_g_pre,phi_g_post,group
1,0,0.003614004794808917,0.012752168899015981,1.0718995421520339,0.8187403458324847,trained
1,1,0.009177737773286093,0.04590652025982989,1.4559891255384458,1.0263385657929693,trained
1,2,0.010695988983761728,0.020040699118795482,1.7173726175968924,1.1619910102763746,trained
1,3,0.00332171902809604,0.022136647266062903,1.8615899999507828,0.9462725612187426,trained
1,4,0.017328828824053497,0.029029247676214218,1.5195312713398426,1.1948463873681046,trained
1,5,0.032401667734706124,0.012851805095552955,1.256644990092111,1.0991879325947214,trained
1,6,0.01656209270491629,0.03909888140861628,0.8990863589600925,1.1994845469570792,trained
1,7,0.029163398662768847,0.02648037584667723,0.7163601262376905,1.0758864084614461,trained
1,8,0.003020397970574566,0.04033098356964858,1.4772206898850273,0.9858874248460867,trained
1,9,0.017770443384479515,0.005159170666136248,1.2525659361800328,2.187707306093605,trained
2,0,0.00874260115342812,0.034376544472375814,0.9035884592231522,1.313653928305334,trained
2,1,0.005595581953865336,0.009543547291220839,1.2145567500898662,0.6340263361950308,trained
2,2,0.01398914951296093,0.021958086042947966,1.0142341840247453,1.0666856731490308,trained
2,3,0.010163884812135641,0.008683265368681525,1.8254016512700524,1.635704024278758,trained
2,4,0.015517387211297973,0.005800871035999744,1.2690250553442375,1.6333046412180794,trained
2,5,0.020927695747970876,0.019227099932502767,1.2010934376552744,1.1943981294500887,trained
2,6,0.00620156049353443,0.006112502699822497,1.4481569265875793,0.644972693987524,trained
2,7,0.014153881935484836,0.015143619396020574,1.4224315434690746,1.1381509066535025,trained
2,8,0.011697590925701912,0.02685374988733738,1.2417822283161617,0.9822215726327291,trained
2,9,0.01466722431581824,0.020226498373352726,1.1224497145254644,1.7082216257230902,trained
3,0,0.007145300671982047,0.0171415603326725,1.3076792659161633,1.3169443249155823,trained
3,1,0.003683330264002499,0.047748974691830426,1.4727957999302737,1.0493704140684652,trained
3,2,0.02345495673807524,0.022050920593044504,1.101789061692859,1.2489463973781234,trained
3,3,0.0029213408056398826,0.02827343993726461,1.1070143862725133,1.5761354308868585,trained
3,4,0.010691071254613382,0.03913070518574302,3.277642060795025,1.8777375932206977,trained
3,5,0.009195153280635566,0.009871319451863925,3.9518044132759735,1.52080668422147,trained
3,6,0.017865079725400135,0.04595197923989902,1.001329138478246,1.6237091940237562,trained
3,7,0.025324784140052223,0.019838462698568343,1.7677581079037437,2.278906139105355,trained
3,8,0.015244355486728423,0.06264153155257465,1.8353583198425618,1.3246763552676672,trained
3,9,0.007881195155835297,0.06381908824660942,1.3897893572126916,1.022741739132154,trained
4,0,0.00837292116757793,0.016098481546859444,1.4559922169630544,0.6494913603536778,trained
4,1,0.004046745604692731,0.008913507568706902,3.238766832330132,2.1607398627415675,trained
4,2,0.027023136516442947,0.013017325762589682,0.9590838058253767,0.9460764661972958,trained
4,3,0.007039052268696944,0.010709731082359675,0.9062759628256896,0.9471296951544697,trained
4,4,0.003697828926531588,0.04557978036654431,1.5187393032025118,1.4536747988618717,trained
4,5,0.050762865568750065,0.007393916233386033,0.6766312518197741,0.744457863983855,trained
4,6,0.026666235043398656,0.008042147871635265,0.9424333270820474,1.633255162915772,trained
4,7,0.042773559910215614,0.023449062159283923,0.9295093247166712,0.9483009294213676,trained
4,8,0.012652083631739183,0.03479611203853117,1.7359743820083315,1.1215776497993155,trained
4,9,0.011120476815111358,0.019205786241003553,1.3257515141265341,2.109675162887548,trained
5,0,0.023364252490705534,0.056214802679771136,0.7280344682788709,0.7676620944320964,trained
5,1,0.007052017897991453,0.0057078458237517955,1.4403988030275254,1.1845119771658132,trained
5,2,0.015784892986393836,0.01570293350754226,2.049088266260895,1.0512372829385204,trained
5,3,0.010388327872054404,0.018329084305363008,0.8813957048765396,1.6996396983601931,trained
5,4,0.007866300951768934,0.02103683744154758,0.9715089368841178,0.8458668819600501,trained
5,5,0.013299258811027143,0.034418967871887446,0.784375619874558,1.4374599791637719,trained
5,6,0.02773489499763769,0.040796446586017,1.1294657897027758,0.903857834666048,trained
5,7,0.006397784476817547,0.05835332070035322,0.9508255431077807,0.917282611854063,trained
5,8,0.007869518493605461,0.03183018545148952,1.7047834661895798,1.309000019981068,trained
5,9,0.008214564576936811,0.025262913534109324,1.5706812501355927,1.4264617280558929,trained
6,0,0.007371401332804936,0.006370970287292055,1.569081754849221,1.8382670334275684,trained
6,1,0.011581551857756223,0.021171110178408115,1.3136194293727723,1.438389054481422,trained
6,2,0.0052784908000277075,0.00950243927285177,1.5753953704554196,1.6817394979117943,trained
6,3,0.022671534757443657,0.017370027547752742,1.086755098197802,1.8082360364405814,trained
6,4,0.0076188008132183314,0.02406311441328357,1.1558478731695663,0.9050890185186843,trained
6,5,0.022627476578149508,0.014983890165365417,0.8296585195215089,0.9361398845751576,trained
6,6,0.01914017452620683,0.019373272274389397,1.5931471258533922,1.609491137404558,trained
6,7,0.025715319946443077,0.04328735081891777,1.0258021704353553,1.3161783390578239,trained
6,8,0.008138626440773067,0.026462717484813283,1.4950910507171407,1.0898302031278773,trained
6,9,0.012620186125485044,0.022907924935042262,1.808245076340528,1.4218551035596356,trained
7,0,0.008504798575553193,0.017235653956238606,1.844337766313739,1.189835140779823,trained
7,1,0.005073364731252639,0.02502759173089117,1.0086254576466551,0.8937383733523787,trained
7,2,0.022790578758210722,0.02108571081205264,2.121627703508226,2.0437914708303895,trained
7,3,0.011327226854733002,0.007088157276406215,1.7672075153692086,0.7345594440470342,trained
7,4,0.018746992267694496,0.023269855482486,2.3977109978902242,1.0028742222928757,trained
7,5,0.004516299757345799,0.029138833809156175,0.9956545582586105,1.0157440814538996,trained
7,6,0.01604546350804814,0.01726335396055456,1.2075006582967238,1.0586811891480021,trained
7,7,0.01627531550585032,0.0189598887976819,1.7072749584753872,0.9737433549386655,trained
7,8,0.01029108720699301,0.05552336442975192,1.248692175202355,1.345493702795313,trained
7,9,0.01004477727484776,0.001969212513581786,1.0035625856310395,1.7379282911782432,trained
8,0,0.011765958991725,0.04076603616078056,1.3068867811206206,0.9208709784081271,trained
8,1,0.013489281310694733,0.0016690608939880086,0.9315629339884361,0.851483847520983,trained
8,2,0.019037215431450566,0.007460398568267745,1.2109591856858448,0.8721756481043457,trained
8,3,0.009042110247904883,0.01867807944937061,1.1035107798223558,1.1112429018535828,trained
8,4,0.00979445912851623,0.01263301236446518,0.778189087432539,0.7389249991705867,trained
8,5,0.01017064858609748,0.009205588944003196,1.0786039035443573,0.7228511402954563,trained
8,6,0.006275735929202594,0.020577114980278283,2.0863412746316548,0.9157900084448845,trained
8,7,0.01505503919430351,0.007514436297594296,1.5630853784815066,1.2089896200250931,trained
8,8,0.01574425929311149,0.004594096433373565,1.31602963290076,0.743413705343156,trained
8,9,0.017616416921839767,0.01541352002224583,1.3928616069428892,0.9759310214367876,trained
9,0,0.007371428072708852,0.03384430192448512,1.2322194329690626,1.10460924778943,trained
9,1,0.003285955220570222,0.05641197034209128,1.4968089405805203,1.26468824073235,trained
9,2,0.008675679507068546,0.02847442390194793,1.2291415916764097,1.0201897590419349,trained
9,3,0.018921090384134753,0.004698015263016109,1.4804750587862463,0.710718842026316,trained
9,4,0.0052953486737253586,0.03330194463956321,3.1565804916024027,1.0565579674575596,trained
9,5,0.010445648863444151,-0.00017356782228987455,1.054082265624625,1.1339881380796057,trained
9,6,0.013084011404143114,0.040483052471542304,1.6172268177256215,1.1123735498448681,trained
9,7,0.006759267751206277,0.013406770928614059,2.8267978457313903,1.3610170293992785,trained
9,8,0.00714109168523476,0.01900255394070731,1.5498461807922008,0.9805575279540816,trained
9,9,0.01351220992527169,0.03310014416273227,1.8579878301803847,1.2332916113749892,trained
10,0,0.0064866031148233805,0.018083549565641732,0.9545562096034688,1.1146153154543765,trained
10,1,0.029593654445517426,0.009345145810498917,0.8714582071039798,0.8817101316822213,trained
10,2,0.026692305127449134,0.0250541059845526,1.0621943770573612,1.7045904720413052,trained
10,3,0.006128988263014612,0.010384787579618415,0.8693606998156195,0.9821797769571088,trained
10,4,0.01638346435126345,0.014535103270057331,1.111567564425597,1.066485040236428,trained
10,5,0.012619077329014516,0.032378447523157494,1.3320231215287914,1.1235564003734326,trained
10,6,0.022914178534488183,0.012804485116913983,1.054604711013821,1.5681182380099514,trained
10,7,0.012064154634619462,0.02228816498078663,1.0100563548114403,1.1623903671185805,trained
10,8,0.00784390522244438,0.011142542489869928,1.098518540160288,0.8683789330171487,trained
10,9,0.022382138054058615,0.02433049847789996,0.907531460734561,1.489089570879956,trained
11,0,0.02514075559846172,0.029846530211249202,1.1531800675801644,1.5087691313422256,trained
11,1,0.013744905635853677,0.019647927016408273,1.420629604944872,1.0375042926677054,trained
11,2,0.023819199560163096,0.0332324310152918,1.3010568891278955,0.9295741080613285,trained
11,3,0.0070860476503378095,0.028918613401359164,0.900852049344344,1.447932396060262,trained
11,4,0.01131945756605579,0.04211749404141574,1.201420897219054,1.1525442273941802,trained
11,5,0.016522500602095307,0.03211812475648268,0.7811926936552955,1.3860919674402057,trained
11,6,0.01649440978489647,0.07310098699474349,1.4881819193975048,0.8323344516517743,trained
11,7,0.005372468077964265,0.0498044292795351,1.6193016528649382,1.5344714808460491,trained
11,8,0.0170397893775337,0.01232148324555947,1.2661355906048417,1.7145177385511867,trained
11,9,0.013112093751431464,0.027550303295306142,1.4319512826947745,1.9892400045165428,trained
12,0,0.006135720562525204,0.012561868311663338,0.8977133001702837,0.9246175123857907,trained
12,1,0.01900842517620066,0.013847854920435873,1.0791750536960212,1.1601415032773654,trained
12,2,0.04567940858700981,0.0157917238586619,1.4468844188322585,1.2289920752705599,trained
12,3,0.018702704702055394,0.012245668594308728,1.1826423902319831,1.1946287275941876,trained
12,4,0.008538887642752659,0.01996512531346356,1.5214202563160577,1.1559631257663256,trained
12,5,0.020744007441519857,0.016844740686346782,0.9137620406670981,1.1146792440959978,trained
12,6,0.004014359001258239,0.020561171561266023,1.4554002720659256,0.8041157018751304,trained
12,7,0.019528821316832132,0.04674114450049259,1.3609190872359127,1.0832136288503316,trained
12,8,0.00771753840365675,0.036177439707156506,0.9663163813133431,0.9056799822846519,trained
12,9,0.012527891638764957,0.021550224387356542,1.074011074530036,1.1311364356315678,trained
13,0,0.0025535543790168314,0.008883295054204127,1.2457945851877588,1.5412273736013233,trained
13,1,0.002113762739106795,0.02209781497052324,0.747624843718597,1.0532527618354108,trained
13,2,0.01743704412732372,0.0045229989804187465,1.3660539103591018,1.5113439215311741,trained
13,3,0.007636853686148602,0.028693484413858328,1.3348235183171686,1.1666281223515862,trained
13,4,0.003203758151201344,0.03661126394903495,1.0510093168197265,0.9248196250042788,trained
13,5,0.049419199758700044,0.0210941076537437,0.7374402921247625,0.7787473703246759,trained
13,6,0.015251564035444698,0.017667472037954324,1.1096433101134722,1.3453632261381583,trained
13,7,0.005581907700110897,0.0600560947232182,1.1883138771710349,1.5769197305521943,trained
13,8,0.010781410589397467,0.019596074591249846,0.6882079741268807,1.2840052134476045,trained
13,9,0.011344085429375261,0.036649320099307936,1.1358859155952565,1.216137147939624,trained
14,0,0.012721614124009656,0.02685841017010837,1.2035797273797557,1.6206745825680577,trained
14,1,0.008637135129543783,0.003646756758117403,1.2162736751559393,0.9557031769502201,trained
14,2,0.014557392230205413,0.004721211970393463,1.0772773250027463,1.9047687294603262,trained
14,3,0.018161459473055017,0.0039015714455686024,0.9487842472973057,0.9083814231452795,trained
14,4,0.006515574223064147,0.013091543859966609,0.943749322044798,1.0296258277520542,trained
14,5,0.0050554242455059795,0.014563437413588592,0.8008214691209947,1.7406756023072596,trained
14,6,0.011684249974333483,0.03419594207775567,1.353476812337232,1.4213913442450778,trained
14,7,0.012781824398011565,0.025623724317537143,0.9672498440422941,1.127004545663111,trained
14,8,0.022433068027018277,0.03310778258946934,1.0425622004780069,0.8804194456895615,trained
14,9,0.015083566780003776,0.021703206985539264,1.3709126968887384,1.4099998836266878,trained
15,0,0.004786762946075385,0.006886432641537432,1.2071118296134218,0.8264565797670674,trained
15,1,0.01788427646659349,0.017654652688406852,1.0124337555738574,1.2002431333139496,trained
15,2,0.01729555515800449,0.013966564445564357,0.9105671347102717,0.9271112240764967,trained
15,3,0.01272993763802921,0.03024684608808885,1.0716622935133422,0.9631325914855542,trained
15,4,0.01222323656380446,0.02695596241299969,0.8907704939607622,0.9831645612656066,trained
15,5,0.01349910275549232,0.009142338210327061,0.7588824505832059,0.8012693783621825,trained
15,6,0.010918539797197632,0.039345611251729,0.9815649829178111,1.1860897006149362,trained
15,7,0.005663117717728733,0.013267773807323108,1.0227950474190348,0.7990068810982518,trained
15,8,0.0031537960289499123,0.016475626974239765,1.0528816946838235,1.6069630158910369,trained
15,9,0.013671608472680286,0.04558826916695395,1.2589239064379274,1.3173993329808318,trained
16,0,0.008381351665136205,0.011068930504622224,1.7682522870722837,1.808299998920611,trained
16,1,0.004742414114757593,0.05888714685175617,1.4444455805520193,0.9074481780825133,trained
16,2,0.026874696546363958,0.021833827503944442,3.5293803930323557,2.4678130800193028,trained
16,3,0.010653513525372665,0.016811598699617597,1.705470452899855,1.4448586884718515,trained
16,4,0.009208818466441102,0.011674259853639124,1.0395669310445443,0.7911821745117326,trained
16,5,0.011611290068667873,0.002762003377947131,1.3177118243871506,1.0854371028688639,trained
16,6,0.018627493052156767,0.026500808825012545,1.3539025945974847,1.9340276426101013,trained
16,7,0.011423947394689077,0.03152479978949635,1.247036848200529,1.248321538014994,trained
16,8,0.008028003488386008,0.028323804861660917,1.5312404457358695,0.7855969867388845,trained
16,9,0.011501198368700671,0.04549664532731176,1.38068769474959,1.2065823813176708,trained
17,0,0.005081446936046841,0.003452100352799359,1.1506154823342107,1.3110764578758336,trained
17,1,0.006763088379064142,0.024086104501057234,1.658536927176322,1.0871031493291956,trained
17,2,0.012234403950332179,0.017343092267284976,1.763537654204651,0.6568485855617088,trained
17,3,0.022919815893793438,0.007805544531967289,1.3147682566391203,0.6410895981710847,trained
17,4,0.008537276645528613,0.05245794797504566,2.723332468562948,1.07385321583638,trained
17,5,0.018867140029524054,0.039096850868900065,1.5474984566323373,0.8230008588945363,trained
17,6,0.007274440061330711,0.01106004766098985,1.1866292885466685,1.3487354181237134,trained
17,7,0.01181833004739588,0.022779084336006283,0.7309522460407388,0.9380521979205014,trained
17,8,0.018159074619691074,0.011071194477715318,0.8058576800346662,1.2838025759937723,trained
17,9,0.018252943562928635,0.017756738764335755,1.2793721609748168,1.2096269189851898,trained
18,0,0.023801563595867922,0.018621107800739486,1.1646115063643752,1.0921346032015322,trained
18,1,0.006966996713235196,0.013990265919081694,1.1436177604711233,1.5417614486410778,trained
18,2,0.011138913636455916,0.006412819149444082,1.2439069047400337,1.0926226354051705,trained
18,3,0.011474048146919824,0.004964927532165431,0.9869272512452772,1.187151289122312,trained
18,4,0.01779022972414923,0.028793160671877538,0.8806893252557717,0.8560038687199902,trained
18,5,0.010817001712981833,0.015845153377001153,0.8411538730653272,1.1553957097209657,trained
18,6,0.018971082318777477,0.04099304682068346,1.6959345363593725,0.8871771236371767,trained
18,7,0.006844630575830901,0.003906976742058421,0.849344288433707,0.9367054193986746,trained
18,8,0.007201616675412664,0.0048563307301019085,0.9399937144442341,1.1441986005530516,trained
18,9,0.008940566848257711,0.03018293128604852,1.244296538634417,1.2301262648873488,trained
19,0,0.017718364378768378,0.043060933506991084,1.0783569231617438,1.0474975706800589,trained
19,1,0.2851610290700568,0.029581879388826726,2.6356302402766643,1.1308390444224299,trained
19,2,0.010703869234356733,0.02395510645731752,1.5371408088592329,0.887844271257476,trained
19,3,0.007117918673179041,0.011338877320588137,1.133882792480769,1.8550709222470498,trained
19,4,0.010194544180667106,0.013906081622188343,2.634918201835903,0.8740854034144439,trained
19,5,0.02789017093075352,0.013855911572635993,1.3728474602256036,1.3506380615590379,trained
19,6,0.014175355650802732,0.02241081437274972,1.2582116888583683,0.9310846907564032,trained
19,7,0.16208709522243903,0.019416615541691495,2.5050070317360817,1.662315071478495,trained
19,8,0.14073690900137015,0.016311270224897645,1.2880677425493658,1.8087024963608924,trained
19,9,0.019735215252918825,0.033925289667451966,1.0351371859284284,0.8126191747450628,trained
20,0,0.013486601563833966,0.01378832243547018,2.548375979710209,1.802046247815863,trained
20,1,0.04977177035933256,0.01774789327011439,1.8683119868325675,1.6896600821334582,trained
20,2,0.01160612831183716,0.020832096856805482,1.8260651841662798,1.5300361591884375,trained
20,3,0.025290901032114652,0.006095597397044017,1.8145871922776553,1.3667448448119877,trained
20,4,0.017781414694501313,0.05339505045850823,2.4418308054026197,0.8704671232545413,trained
20,5,0.014517557664827985,0.021930739320824087,1.1978823262290295,1.5176682538337998,trained
20,6,0.006951411070433677,0.05504310107972171,3.5660059209732156,2.296201798190334,trained
20,7,0.012361426176776047,0.031863520811474755,1.397973324771237,1.3301499623050703,trained
20,8,0.015743638613433975,0.019916247731401132,1.605028645289699,1.3705243845427157,trained
20,9,0.0285180234162552,0.004657968336203189,1.084858528609462,1.4694041448412656,trained
21,0,0.009292072813717522,0.035687173985691434,1.0935019657392453,1.3737707863605055,trained
21,1,0.0041199564450335735,0.01891279966684739,1.1226605842203652,0.7876581915688581,trained
21,2,0.025572315711724747,0.024858245994317185,1.281088108194853,1.1656956230092528,trained
21,3,0.01650698900590722,0.008760812081612446,2.003524563140615,1.287121023017181,trained
21,4,0.0138985547791938,0.03357595956647352,0.9109322349850021,1.3575035820319763,trained
21,5,0.030989238014916765,0.013149261224820588,0.9939414132481974,1.2944073957235969,trained
21,6,0.00802730487243819,0.01941984855597856,0.8187562271376294,0.7535911270377245,trained
21,7,0.013684524040050494,0.022158092674224777,1.380028472646479,1.0628645858355452,trained
21,8,0.008492882179501393,0.023778961923735062,1.1590431957247538,1.0595495948709586,trained
21,9,0.0015971912777916486,0.017906025320331573,1.0361159269854787,1.5529067733831425,trained
22,0,0.02101634464514529,0.024428703080280778,1.675504448364844,1.21406639512501,trained
22,1,0.015584530702901417,0.010026495029213489,1.4994412550426555,0.8591351037916636,trained
22,2,0.02221291956064475,0.01760963323447451,0.9179661702244867,1.244702182950717,trained
22,3,0.005689299871353526,0.037292200902586656,1.831241019060873,1.1927012400154804,trained
22,4,0.01582431725412936,0.006054912197731931,1.4336623244319064,1.5616273550317745,trained
22,5,0.03614870166584039,0.02311358881851852,1.5582546073075305,0.9266540182894223,trained
22,6,0.009838022281848713,0.0100270930735189,2.156674489670384,1.5006613159544773,trained
22,7,0.016792925774730905,0.013240979749989445,0.7484039385223826,1.1391593934855289,trained
22,8,0.006542117080825416,0.010415882879119986,1.6753533534987957,1.9526931080646108,trained
22,9,0.008792415980112461,0.01980065066301262,1.6693757860157323,1.1714096341527194,trained
23,0,0.0037532576625265157,0.015096508543293752,1.2299419149797481,0.6892045838654159,trained
23,1,0.012764190302190337,0.018885837407919263,1.5687329325826798,1.207608453716663,trained
23,2,0.029944690882457187,0.04211214947502184,1.744084519851146,1.0139201238441795,trained
23,3,0.01396004835823575,0.013608974302962235,1.0588533498125248,1.390252134843799,trained
23,4,0.005797396837670721,0.04535055083452219,1.9320618280802069,1.1950891525921448,trained
23,5,0.015240279759821292,0.008270772178117836,3.0114894143210753,1.2855064842629524,trained
23,6,0.009287257561220078,0.030723932554950706,1.3810825250432808,1.3268209869471015,trained
23,7,0.01194271537504965,0.023626234953076197,1.2000942665252707,1.3360195375567774,trained
23,8,0.010617647957839593,0.01774688921508072,1.6449953001383149,1.1277628100379546,trained
23,9,0.04346599267576806,0.032119655864514346,1.2207706803603464,2.0566496195217305,trained
24,0,0.034806973219860246,0.022768800479018525,2.023903048029771,0.9242377701528817,trained
24,1,0.021977317638047944,0.0052332055453953585,1.6877904721519617,1.7537254140255225,trained
24,2,0.015528821294391648,0.015553938414077206,2.1358649426503846,0.8878377228541556,trained
24,3,0.019101595043436392,0.027361277295116664,1.2756036559232602,0.9128842969295047,trained
24,4,0.01059773563591826,0.007946495652314839,1.1613124040468144,1.3666711786350447,trained
24,5,0.012073697988893189,0.01409396397298962,0.857792547561988,1.3474701183208555,trained
24,6,0.01540590340197362,0.004800669725281703,2.20259536076633,1.853521710741446,trained
24,7,0.008092367152362903,0.04154086727029205,1.5007108016875148,2.096079299758914,trained
24,8,0.00428974990593689,0.013731574486876001,1.8082039102864496,1.9174583553371327,trained
24,9,0.009795637844545069,0.024429327236788145,2.655625515695954,1.6836209362560084,trained
25,0,0.02074338665291875,0.029741306988755767,1.7353993148961075,1.2964466190557191,trained
25,1,0.023068094685163465,0.06317619574161457,1.807012268072222,1.5369494287266061,trained
25,2,0.02275483045172677,0.009198932456629783,1.7182351676620211,1.056385584667793,trained
25,3,0.018042745229218893,0.02113815093420568,1.4425685383180373,1.3190577809158304,trained
25,4,0.009452038090114523,0.0120857348216519,1.9597343771509699,1.3573486376036397,trained
25,5,0.01525140026054464,0.005755515487872481,1.157951895786275,1.325400072789177,trained
25,6,0.01493182310097467,0.0063975154863814,1.462726872465975,1.255360485946888,trained
25,7,0.019628856885957446,0.01511081383757304,0.7003778337948005,1.546803848368206,trained
25,8,0.0396187990776469,0.025124016218239918,1.2596765505761414,0.9620404286010038,trained
25,9,0.025401012729838968,0.018847508222612025,1.9668185105518672,1.0600870189227223,trained
26,0,0.008673608100317365,0.021518743322516132,1.6227580552441487,1.0572059454678813,trained
26,1,0.009536274191887906,0.021339940632399343,2.6379942578847997,0.9975180432562333,trained
26,2,0.009804845455244848,0.03432947942578494,1.3836555881804427,1.076402301780305,trained
26,3,0.015181027068909003,0.024000975537709524,1.0846437103678865,1.450908782645501,trained
26,4,0.0037624254399552526,0.039828914446080665,1.1349374669561727,0.6601025175255725,trained
26,5,0.025320781326700903,0.02386712004898231,2.035130330330362,0.9007829559513952,trained
26,6,0.016476435470248463,0.024415265638102812,3.5574922109661555,1.3186655951339032,trained
26,7,0.011566830258396,0.02112878836001808,1.28135667275287,0.636062653907949,trained
26,8,0.012022529933463727,0.01183081174568179,0.9572985392556669,1.0226444696841557,trained
26,9,0.005238023414500942,0.05197563391481913,2.4513446744613443,1.4137157832119087,trained
27,0,0.012709665607104265,0.0047042750885690765,0.962401842113106,0.7384280766860509,trained
27,1,0.02352440239346104,0.010812658335935782,1.6703193113498473,0.8240335444803797,trained
27,2,0.016443319702215187,0.01882668590539982,0.8999352560371852,1.1449526706894295,trained
27,3,0.01952708648810761,0.010816974666482737,1.428427700252672,1.1700475269869037,trained
27,4,0.011196716522007266,0.03466681296813656,2.234284044247768,1.267121657752372,trained
27,5,0.006476374641026322,0.01930404890869561,0.6453809540740436,1.1932385722141878,trained
27,6,0.01974513914157744,0.01883577365971123,1.2910043092391876,0.9178673230618977,trained
27,7,0.017181560121292516,0.06579820391916169,1.3413582728035147,0.8488884093595515,trained
27,8,0.014846884179495756,0.009439934921496584,1.432712165128297,1.0454987924174777,trained
27,9,0.012425671730815935,0.036243288155872966,1.4328082687376031,1.167094194576264,trained
28,0,0.004717753079518147,0.052337786048641144,1.214731773342638,1.2174466419578838,trained
28,1,0.010010734681369392,0.06976890343986092,0.9138900780095215,1.0193995035979566,trained
28,2,0.01948496919433202,0.025028380463984923,1.513933695966906,1.0845380787416654,trained
28,3,0.02164122296050272,0.012886341544918356,0.8133851431787649,1.2473028271687878,trained
28,4,0.012977932904179257,0.022887181982693294,0.9859631892934717,1.3145494659964616,trained
28,5,0.012216342327808383,0.01591109086695086,0.7485994436864514,1.2921658589733358,trained
28,6,0.004574559232795303,0.016657598507155424,1.1303167622544912,1.2271700872505722,trained
28,7,0.015167791967825979,0.08319827556715387,1.216543691378292,1.1245017146718999,trained
28,8,0.006929935513115021,0.017414038478305444,1.0267500286754099,1.0630478508309016,trained
28,9,0.01247033815378525,0.022613269413156778,1.1694854776722927,1.1309212918027711,trained
29,0,0.005845237162126066,0.04067065817528209,2.1623663927658354,1.9219223445271996,trained
29,1,0.021722237473457723,0.018974978826931586,1.6109142902353426,0.861500381422647,trained
29,2,0.023812809015689107,0.026622542283706224,1.0134362416610725,1.0631686005917809,trained
29,3,0.03043891874499638,0.021258178063303355,0.7360727368267814,1.3534827752775749,trained
29,4,0.010627911334318618,0.03497207024177629,1.6531001488387045,1.076780388485391,trained
29,5,0.025988139711182245,0.020226066465251824,0.9897473035527993,1.2386807944885065,trained
29,6,0.029925343446624092,0.04596381265125632,1.8559536618125996,1.3493115437061707,trained
29,7,0.019607660832577423,0.040804263354008996,1.1617502559850847,1.415869761974684,trained
29,8,0.011718298890544543,0.021280531185733365,1.7268403025582546,1.0949751832014392,trained
29,9,0.020004654730314125,0.023259947297085123,2.4567837498114455,2.098449092288096,trained
30,0,0.011736945555772052,0.0006337820121483373,0.9304988404796544,1.009101753893738,trained
30,1,0.010893367342920297,0.045861375996669965,0.793170005140462,1.2142149430243105,trained
30,2,0.007538373039432944,0.03344077051866001,1.1840907372598992,1.1913092999149921,trained
30,3,0.024696865246766952,0.026805332324425307,1.1242820416588408,0.721076591452167,trained
30,4,0.006087707096982975,0.03693235809020236,1.105880418691161,1.0476997279749587,trained
30,5,0.0077315689536139875,0.03178305990458946,0.7819853069260206,1.1113606985585132,trained
30,6,0.015685521021382764,0.03708335275690892,1.2172770160366362,0.8324146411627198,trained
30,7,0.030736394972807946,0.021258268820001286,1.1421444263924883,1.123241500877135,trained
30,8,0.020680834591077335,0.027506409620492334,1.4467670804425707,0.9185395487910706,trained
30,9,0.005932256974014427,0.0009244015087871427,1.500839836143834,1.1054823511868495,trained
1,0,0.02049123768494479,0.08616222487633989,2.731096343802636,1.9110774862824573,untrained
1,1,0.06177273825027818,0.10178013489072012,2.7764920605247743,4.964930792502225,untrained
1,2,0.007164229238293164,0.024309893382510106,3.1481329067488493,3.4530765066334426,untrained
1,3,0.01440089568644147,0.060851024123967146,5.7567496119932615,4.346622275760172,untrained
1,4,0.008370409011335858,0.01702424132293351,4.604544048484634,2.2334775291618154,untrained
1,5,0.019481890576238114,0.010629958955971297,5.888091684466149,3.718240835833289,untrained
1,6,0.008157628810721018,0.046616055665602285,3.325095823563343,2.8086615730362876,untrained
1,7,0.014540523490368329,0.008689753682038726,3.605279393217987,3.611481193615183,untrained
1,8,0.02546010731679013,0.025437933207330232,4.174943489136863,2.0732060832312253,untrained
1,9,0.26365768090526365,0.011120961219675325,3.817046130341744,3.9694076319242004,untrained
2,0,0.1293008631978333,0.05737300435216125,3.8422178440625427,1.2696574188682663,untrained
2,1,0.03152190168537318,0.0033325995116859908,2.632076595241723,1.3388759619737942,untrained
2,2,0.008615449744140025,0.017544267224445728,3.35427701008728,1.1045517814397006,untrained
2,3,0.007881388146189387,0.005337936013451394,1.6271012560423002,1.3592307166341777,untrained
2,4,0.028202738847134756,0.027891792932504794,3.334310903757241,1.0252321587082993,untrained
2,5,0.16448493891334726,0.02791379382173234,4.041835463463251,1.438329251761792,untrained
2,6,0.01813891983588145,0.005913321713063524,1.6005167566719305,1.472044688459779,untrained
2,7,0.11859830533567123,0.030386406315745296,2.807681065547033,1.613174483627008,untrained
2,8,0.05283906860812604,0.020176621266327577,3.4604021829344482,0.8948439570337527,untrained
2,9,0.14844303140550025,0.03130814838825099,2.035839001923521,0.8265316009222103,untrained
3,0,0.03047800022025071,0.013119801910822904,2.3713099034090654,1.5889742810033172,untrained
3,1,0.02114187873101625,0.018986990029712325,2.396635618016361,2.621111198254239,untrained
3,2,0.027259464597026817,0.0396500636588587,3.4277119699150767,1.8926654184419807,untrained
3,3,0.01042954296808729,0.01610749583710458,3.653731597711163,3.647414219938293,untrained
3,4,-0.000682454957260159,0.018127055541243525,2.486898663196245,1.3194896884291212,untrained
3,5,0.020074027594239426,0.04432741167419921,2.0918092847047767,1.9053216948562997,untrained
3,6,0.03558000237678566,0.052798503803529906,3.475245726366641,2.8958486738535676,untrained
3,7,0.015821068407845293,0.06998855999858519,3.0125211997813244,2.208805857049944,untrained
3,8,0.009734106458161453,0.07365866234891126,2.8916161619606253,1.9240762962318854,untrained
3,9,0.01859304663796863,0.04919054812666268,2.601483377854206,3.984027165783931,untrained
4,0,0.020615779043034826,0.06600379367678955,2.5149351847801418,2.1763632463067504,untrained
4,1,0.053108803988822895,0.03681881136601626,1.481144776291111,0.8319399220325887,untrained
4,2,0.018850840563889415,0.03314284796254867,2.6615813361213254,1.8335788800462418,untrained
4,3,0.3118057905998822,0.011195880576959916,2.9830570357404707,1.4862617512637655,untrained
4,4,0.21916106096974858,0.07708004545196542,2.1125848624495283,0.6445665912303344,untrained
4,5,0.032102102430044216,0.020889770643383876,2.8192951909960957,1.45635670657069,untrained
4,6,0.02466703782417453,0.05446699124245222,2.4377882566717175,1.2290199108354385,untrained
4,7,0.00906061449309603,0.025834487540543516,2.1882666080043895,1.3908855846057193,untrained
4,8,0.08496658650030456,0.01940891400655992,2.91189823433375,1.6948978597601672,untrained
4,9,0.034733308367553783,0.17336090042146624,1.4604518601162277,1.9554754237946503,untrained
5,0,0.021333450894516326,0.05613724800151284,3.8129339388243264,1.3447293113615837,untrained
5,1,0.01717696710204708,0.02748014489521644,2.270870459117037,1.2903363554897225,untrained
5,2,0.05648536399443648,0.011673630951826969,3.219379317279073,1.6485761774714476,untrained
5,3,0.005857211199706461,0.01531411836522098,2.9457766182179044,2.670805080636673,untrained
5,4,0.01563082156110243,0.0335350636368304,2.6637476314540693,1.6652798191241538,untrained
5,5,0.011116824027882277,0.009429897626253486,2.816988346036234,0.776828316577806,untrained
5,6,0.03199705991995974,0.03877762343550212,3.0648739362303425,1.9520422941566447,untrained
5,7,0.0026323922965488765,0.14252056528965468,3.4654587696872428,0.7118460583253543,untrained
5,8,0.010502075563414648,0.00429438939226201,2.5229090323049634,1.2328200467534822,untrained
5,9,0.017413972195892663,0.009256925270934607,3.8624427346874874,3.0406113235995624,untrained
6,0,0.08594646529138099,0.018392806626814195,4.233008278234878,1.186434086160147,untrained
6,1,0.0058103759748683315,0.015205395516404496,3.4003189632090365,0.972127734107838,untrained
6,2,0.0663721696996123,0.18868594789611737,2.930017234041507,2.24568439594852,untrained
6,3,0.11791632906167518,0.0350787219970693,3.3727194364712063,1.3013763796869082,untrained
6,4,0.06973158128323274,0.017949859181577266,3.3310067708493865,2.8150982221133516,untrained
6,5,0.03398876722356006,0.03459324991122542,3.6543281661397877,2.60584761881244,untrained
6,6,0.1397207869862964,0.010990190327576282,3.694128402000797,1.624217253589948,untrained
6,7,0.03321212693301562,0.009849391946364194,2.7872177777763865,2.594765761944872,untrained
6,8,0.022222018817862177,0.3039175711517312,1.793270935134848,2.423425312700105,untrained
6,9,0.003283498342714873,0.10996838720007729,4.185910609041406,2.0896575369413597,untrained
7,0,0.026075373562670534,0.010473308610221027,3.8782581164155108,1.2225783829161077,untrained
7,1,0.0034762461363936834,0.007901792881866654,4.215058492774428,3.204458342579462,untrained
7,2,0.019194912682301002,0.09178770692565008,3.729826293674233,1.5665349956211256,untrained
7,3,0.04620485333877804,0.08287865661432114,2.9802115883651132,0.9024195467011744,untrained
7,4,0.028078003862130746,0.044613456199068424,2.351939105398079,1.786769720961681,untrained
7,5,0.031654905272986866,0.044832109585129926,2.4955574407872247,0.8918880067609017,untrained
7,6,0.012149923259195047,0.020356713865114506,4.352957025447339,2.545579196343227,untrained
7,7,0.018286531658774363,0.034564774818067856,4.075073517182462,1.8612407317268997,untrained
7,8,0.02134533078575022,0.11073709490531247,2.6065350195492796,0.9563651311315555,untrained
7,9,0.0316022915430576,0.04644121862401025,3.335492392563664,1.3246123937550816,untrained
8,0,0.006783191246809164,0.045064778663181815,1.6587148399760792,1.4733719800302794,untrained
8,1,0.01588315378897104,0.03281472423851413,1.9956225384824238,1.8315945279822308,untrained
8,2,0.00507242528424625,0.020230417946665552,2.0174713468579544,1.9756341941919726,untrained
8,3,0.011054473435507847,0.03613822802872346,1.9210321435972897,1.5904989534601932,untrained
8,4,0.009234056669917834,0.05991891741887856,1.1855975043156723,0.7207149052318609,untrained
8,5,0.03270115770755294,0.04588479991618713,2.1995547768971746,1.6178083713678448,untrained
8,6,0.04138733457702207,0.34538444610613495,2.5434843067046824,2.570382231431178,untrained
8,7,0.016591590355758863,0.04344173550489591,2.075687678640897,2.7342246773760657,untrained
8,8,0.009062135855727821,0.05396092717551815,1.2752499099443326,0.8473251878694454,untrained
8,9,0.0509747796008376,0.01681498847197417,2.2735054616756987,1.7205822360321754,untrained
9,0,0.03371676254122763,0.005427799259922622,3.8878637010373946,1.7770017575074408,untrained
9,1,0.06230925505073216,0.010141698841816038,2.421996468642411,1.6546137643399585,untrained
9,2,0.007463252166058587,0.05248379725978864,2.7768157381555967,2.065131323190564,untrained
9,3,0.004865759711231876,0.02351897630543215,1.9966456359282683,2.718855935513507,untrained
9,4,0.030522842048208654,0.02823283176975691,4.017111686332827,2.3067493182540564,untrained
9,5,0.12484788847190811,0.09443794447052842,4.706442587314293,2.2695363983788743,untrained
9,6,0.08377233837990339,0.08599718053434167,4.244216817450166,2.6206569226139256,untrained
9,7,0.06289699593555736,0.22904347447199402,4.695625287087932,2.8830437853301834,untrained
9,8,0.058222611672150926,0.02674176883332996,3.999424932725952,2.740730570449395,untrained
9,9,0.06518357723578239,0.025871965783745766,3.920790467236842,1.3160134058818211,untrained
10,0,0.02534803108145342,0.026971401850290316,4.233519895491692,2.358435655045641,untrained
10,1,0.004386597464419703,0.0639262467334189,3.989979021637983,2.3385810698952016,untrained
10,2,0.026977896216115294,0.011278698659555275,3.266536584669629,1.8686644111205168,untrained
10,3,0.03295560043823344,0.0867854117089906,3.561778239997882,2.2039812405969683,untrained
10,4,0.0018042592255143042,0.007388325654699823,3.622895599001248,1.9931904233851403,untrained
10,5,0.030497006036872526,0.03271145929385527,4.120112227087313,2.0392580660280553,untrained
10,6,0.009861397227595797,0.01655704373833808,3.787075255407796,2.105038621774627,untrained
10,7,0.025796900334321443,0.007019377974795432,3.6928900872675876,1.148541578458943,untrained
10,8,0.023972962643496964,0.01713511050334704,3.8367953558341874,2.064463426749044,untrained
10,9,0.06763581881996084,0.007466521827412809,3.704788290376265,2.9346727214134583,untrained
11,0,0.03191639424934406,0.016929387422646713,2.0745844772777122,1.1081804039751866,untrained
11,1,0.00806960823115685,0.027967088036136012,1.7980210052361736,1.4018988653777724,untrained
11,2,0.006586901288246849,0.01734122922777144,2.037321919862372,1.3369473751097907,untrained
11,3,0.06537161291942811,0.027507543274854072,1.3921028752142706,1.5451191946260479,untrained
11,4,0.015383810466582992,0.05776692377815451,1.522916568444753,2.096543967987431,untrained
11,5,0.018864040697255502,0.029165724955262984,1.0703321365866931,1.2530778662949378,untrained
11,6,0.01524610908553975,0.014800751681575436,1.448276144929585,1.2898968264043598,untrained
11,7,0.0936165462620486,0.0658399030282075,2.2293654721539045,2.0173372998861185,untrained
11,8,0.0067043369953643794,0.01720282291270875,2.045471743632503,2.355644303579973,untrained
11,9,0.007672551519637638,0.015749420465844786,2.456425278212352,1.0032156068952716,untrained
12,0,0.01161486277907009,0.004958714247630502,4.138199946034738,1.7384817881518546,untrained
12,1,0.05067556190405231,0.02229309109336805,2.600246255434891,2.7877824671331792,untrained
12,2,0.005486702823452316,0.11866415859048099,4.278462850355812,1.1275420739200201,untrained
12,3,0.01730646971444369,0.01452745077652906,2.2952926910458062,1.5652158828553868,untrained
12,4,0.01477664506041819,0.052913768638821024,2.676847493502148,1.4185381875677714,untrained
12,5,0.0050941808679632605,0.02170878598285708,3.0978883322535324,1.6276296961210555,untrained
12,6,0.008193551754463374,0.03865802919862904,4.39031434802405,0.9859844575908087,untrained
12,7,0.008993042439149779,0.01620481344795221,2.590212100587247,2.1999861484551566,untrained
12,8,0.14710389005567154,0.11448158098098105,3.879713801417968,1.9756604495331007,untrained
12,9,0.025186255375144136,0.02604250702477004,2.654017137385942,2.1942309300398177,untrained
13,0,0.03239938028183431,0.012393851352318963,2.520551537436271,1.429589064500932,untrained
13,1,0.021545879572661422,0.05199996853923375,1.4291542050917725,1.373272102460891,untrained
13,2,0.06462677614186019,0.02684073827408187,1.932808609492163,2.1873926609241665,untrained
13,3,0.013968823657672769,0.013708904222605955,2.124026097765552,1.4200053699211672,untrained
13,4,0.017158471511519127,0.03552334936531369,1.152938036871276,1.8469010803039774,untrained
13,5,0.023854324188518142,0.015224407639533907,2.4429000933472964,2.3933391751426787,untrained
13,6,0.022626306834860305,0.05261693364116715,1.5367431254049286,1.3744145878101124,untrained
13,7,0.17300470848357097,0.007141982543705176,2.027097681843482,2.800351469134311,untrained
13,8,0.014501680356946406,0.04975558347914924,1.7540479091302357,2.3952031437052126,untrained
13,9,0.0774505603475398,0.033973307984820345,2.1561564479880104,1.2069048901009212,untrained
14,0,0.035327409504308044,0.035715259428227716,1.5054088626205755,1.065035241366382,untrained
14,1,0.09185227507408361,0.030745582379562264,3.136724564580205,1.6290546120767186,untrained
14,2,0.13300398260231672,0.04918383011204046,3.1757553346048963,0.9398179437359818,untrained
14,3,0.019049065373724777,0.007635778872954524,2.5204233180740085,0.9469189586882611,untrained
14,4,0.10274118327091375,0.020508983274169612,3.4505223111102734,1.9042813774719107,untrained
14,5,0.024379660954633592,0.016938270039120573,2.1195976711044526,0.9030130277236237,untrained
14,6,0.03037561480077844,0.035199221557339566,3.01079456407519,1.1068342693644866,untrained
14,7,0.07374443034571188,0.0045952387078117,2.5132400928768535,1.2493067039373014,untrained
14,8,0.010801339300191892,0.014841642222485713,2.278734192776312,1.1571414725708349,untrained
14,9,0.03984024947632897,0.0379289171399568,1.862563081103007,1.691088475055952,untrained
15,0,0.006953525008794814,0.04479113312385978,1.8013983250821544,3.241789512479961,untrained
15,1,0.05168593746622534,0.19086190842990797,3.1526516580985624,1.7038329437897233,untrained
15,2,0.015765015125474485,0.027682777082230714,2.4135781183928047,3.1533902848922333,untrained
15,3,0.00884095866679039,0.2216340354650091,3.704336766083772,2.3203483224831736,untrained
15,4,0.15734888521757392,0.030704461794485792,3.720647011760419,3.400596250906884,untrained
15,5,0.007291483257539394,0.04611284205287647,3.5267312006425824,3.673913025293835,untrained
15,6,0.01159653994934641,0.0128964286620879,1.9288772071956306,1.569871578305105,untrained
15,7,0.007836815934930255,0.011630969396049129,1.6619968500535052,2.948387214687256,untrained
15,8,0.14798907571578196,0.018908671602725913,2.4600137675600675,3.898475155182584,untrained
15,9,0.0028755516825571537,0.046213091909442686,3.0464349307551473,5.006710210957322,untrained
16,0,0.03317425996334056,0.26016038574907974,2.5031940795822125,1.8611243293392694,untrained
16,1,0.0847565112597054,0.037142279784039944,4.238688708771516,1.5202625694109424,untrained
16,2,0.010140362036770614,0.010019755905374766,2.4098098689651755,1.0913170224592996,untrained
16,3,0.05521075515654872,0.019974702549265366,3.0427656740156737,2.2056037547925835,untrained
16,4,0.014977561190837957,0.011936155945388036,3.9568625704404683,2.560639874765795,untrained
16,5,0.03516628156363616,0.03249091756469475,3.6706928997257684,1.4467834098334267,untrained
16,6,0.05393152082100218,0.24474615215919074,3.2101051223009884,3.1866212805550695,untrained
16,7,0.0053789634684303644,0.06346930124492484,3.252881471120764,2.113437946378056,untrained
16,8,0.014107419434483015,0.022772101795365103,1.477467678941937,1.926390357458091,untrained
16,9,0.013031085854776511,0.007614257620278023,2.052049706328735,1.3085145316901579,untrained
17,0,0.013898400110922138,0.0017431566795752095,5.045062286540617,4.198774668643246,untrained
17,1,0.005061640609231935,0.37699563781957574,3.44886446533288,5.028175786454797,untrained
17,2,0.011025179346579199,0.015309565708962119,2.074532533372457,3.0600830909360637,untrained
17,3,0.007478709685123264,0.07199717350138442,2.6550519563377275,4.194180442593215,untrained
17,4,0.10397253507318294,0.04361383701166355,3.786257280001879,4.583268639636299,untrained
17,5,0.040376956873345526,0.035582604189443215,3.8291761652990615,0.774540024578358,untrained
17,6,0.010757097801028098,0.009804138376451416,4.631010003263251,4.114385193466802,untrained
17,7,0.022001891296310583,0.006426480442761243,2.5623090110317426,4.188930129547126,untrained
17,8,0.007580401022832306,0.029840990433319503,3.5767505919797697,1.6054279023151032,untrained
17,9,0.0736670250381124,0.024714100533488645,2.523946152338738,3.7643943239794484,untrained
18,0,0.37313612109854943,0.02000277656705554,2.894869382054734,3.057873057661895,untrained
18,1,0.04549174887493718,0.013226504625735658,2.5048211025665625,1.539998765452402,untrained
18,2,0.014669425423128823,0.016967325261624533,3.209613746566408,2.0078759689106276,untrained
18,3,0.024452661006501175,0.015291949738054093,4.485897314357501,2.848801099426909,untrained
18,4,0.01840975781190818,0.02649843325242479,1.8576116723162,1.4881842739922775,untrained
18,5,0.015490919087556676,0.01862462037922677,4.087127645971799,1.79307643929587,untrained
18,6,0.01978420326063743,0.010370808813476573,4.79604043043458,2.6801706999010078,untrained
18,7,0.08816360967252876,0.013513057267220435,4.7835374632307115,1.1447868136027401,untrained
18,8,0.10366708280187309,0.012461024918456354,3.895825752629113,2.731862789051295,untrained
18,9,0.18470196907926884,0.0053586169055032246,2.87850105260851,2.7352132209404605,untrained
19,0,0.13052772399287066,0.06106611246203139,2.3273914061487058,0.7338458329647629,untrained
19,1,0.06615932528460086,0.0767548863038116,2.240344610948818,1.6657343499788992,untrained
19,2,0.0050970512278875335,0.005168930932004323,2.0593536332181652,2.1852963876683504,untrained
19,3,0.14455870263656753,0.013896769248950336,1.4533931557337132,1.0028833880848054,untrained
19,4,0.0031459981499088463,0.01164273617197703,2.646442335021349,1.514021957319025,untrained
19,5,0.2550320004515587,0.004891311529239772,3.0432858721967184,2.3567227700628886,untrained
19,6,0.011051858176801932,0.0316267117204011,2.262107477603587,2.046219728464595,untrained
19,7,0.05974374423051129,0.014168830893262985,2.357343385790589,2.182015009815428,untrained
19,8,0.04664140217218621,0.004714391414305151,2.3706403578740822,2.306821861759014,untrained
19,9,0.01954374441004944,0.031412559141791474,2.7831419906466817,1.418449663343631,untrained
20,0,0.023760425628567422,0.02257587143566843,1.577419899577905,1.1297860169077907,untrained
20,1,0.038714428157289565,0.03152048129406987,2.124065947831241,1.492535810491233,untrained
20,2,0.006046256089038943,0.05116168033488574,1.958395714870448,1.505497857739635,untrained
20,3,0.005353413866258316,0.018128907285190288,2.7473389658905387,1.9117789094070161,untrained
20,4,0.015597439047969064,0.025964491198515252,2.661378577673652,1.6698091892742593,untrained
20,5,0.07077779922364685,0.011397374296713891,2.0010557812018153,1.0613830124589636,untrained
20,6,0.1397145312747967,0.010689798712468418,2.4649308769884213,1.2560131617891728,untrained
20,7,0.01597009078984324,0.019574710154736635,1.1350702127808685,1.4554654370567115,untrained
20,8,0.021244415808379685,0.029280754010245047,1.905918441628443,0.863380681951248,untrained
20,9,0.0032467002423210434,0.06771471267187298,2.5354836410807278,1.4944371359493513,untrained
21,0,0.009054084287498536,0.013422078557627226,3.425115574646634,3.0620323722925376,untrained
21,1,0.010867221118621873,0.03230712259465295,3.193331242766938,3.9634022663253354,untrained
21,2,0.026623563565932956,0.015842228445524797,3.788697211071081,4.57410625741764,untrained
21,3,0.00758592893974777,0.021823032587216434,4.014181102423118,3.39740890888864,untrained
21,4,0.02184726644969026,0.08618048396542961,3.508535548295206,2.9837021887542963,untrained
21,5,0.00448255658783564,0.017738472064518174,2.4416424953598272,3.346744437132629,untrained
21,6,0.0814111729231729,0.015378812758671645,4.501779695143478,2.4699378807441708,untrained
21,7,0.02299086231938685,0.023407726136303708,3.3009963892098066,4.042755892749131,untrained
21,8,0.24316661140465362,0.03366104667299458,2.5275966235952287,2.736752179582441,untrained
21,9,0.12471422237524266,0.03482763504108699,3.443088239830108,1.9082573923010642,untrained
22,0,0.37143693896172125,0.01155114179819619,2.352742313202779,1.5957729789573132,untrained
22,1,0.01812862045180888,0.04912046883522689,2.0924411127996017,0.8930842653286424,untrained
22,2,0.056274459922417405,0.04950092510915305,2.0761840479371925,1.1378083258986151,untrained
22,3,0.024243357345834132,0.07278580249061223,2.022306253491516,1.5394477444964563,untrained
22,4,0.22473474697360296,0.0006813246609297108,2.658821102287419,2.1508650811384102,untrained
22,5,0.02012376771375668,0.022866878983086508,3.6313967435938146,2.3146490616695905,untrained
22,6,0.07392766278274265,0.01819953530818849,1.723115016966843,1.7119946278831044,untrained
22,7,0.18874740006164192,0.01643782483762589,3.5942979254493173,1.562175972385618,untrained
22,8,0.010332848914507253,0.04853630848935658,2.24956085647003,2.2352721048866453,untrained
22,9,0.2687721780681076,0.016653327964220255,2.186695976877518,1.728656508984163,untrained
23,0,0.017113413632852126,0.047867454684479116,2.7795091469661775,1.8583807538770614,untrained
23,1,0.03273029496359163,0.08117356541850623,1.5493055336878043,1.067789071259859,untrained
23,2,0.013138906116933524,0.11984412840790187,2.306814815156347,3.6817962588072044,untrained
23,3,0.01837620707271949,0.07563918004656321,3.0242269725521247,2.4080282436318825,untrained
23,4,0.003995203797715008,0.06227952804398326,2.1754989070321717,3.303428348188188,untrained
23,5,0.012660960394521803,0.017346753989006786,1.7146949635437942,2.777601292354417,untrained
23,6,0.011255108965802313,0.028682054195367818,2.109600172351348,1.8609953242550805,untrained
23,7,0.021614780948564283,0.05230579369108562,2.0133705466116085,1.9891395478456206,untrained
23,8,0.019376611966778645,0.024808665277503916,1.9797488533787746,2.848447582356973,untrained
23,9,0.014692279962909477,0.029714108260698646,3.3211202834919975,2.46092507930015,untrained
24,0,0.010780519455771742,0.01842226214498463,4.123175226173381,1.2195980680760008,untrained
24,1,0.017910700278590132,0.00875028453531626,1.8935224010990594,1.1241326966925635,untrained
24,2,0.0050686816866253315,0.18305724550522548,3.2183323278822207,1.1034275989464142,untrained
24,3,0.04779716349728705,0.07302129734147589,2.76320853012376,2.1249538032269113,untrained
24,4,0.05267278622436444,0.010216938453387836,1.5336280064118766,1.8485231330666472,untrained
24,5,0.0739539631124819,0.02043734733437,2.4220733049483574,1.4785920688699064,untrained
24,6,0.020868807322768905,0.0031369331301566786,2.559592476081569,1.543723470397884,untrained
24,7,0.012029636881308703,0.03592469627519013,2.024671336358728,1.7660285201760546,untrained
24,8,0.14983925988401442,0.022063797949302195,1.4241207385201888,0.8880863474954093,untrained
24,9,0.03615723210912489,0.014481635628512929,1.9108207309282226,1.7776991436728755,untrained
25,0,0.41597431602207846,0.0028718134329978467,2.826281081572264,0.8904090224968055,untrained
25,1,0.008244049235694429,0.013880631460384207,3.1368822232838425,1.4777008516699006,untrained
25,2,0.008388126533545481,0.01184571792829181,3.1829721667362243,1.4906673260599654,untrained
25,3,0.011185634036999681,0.01726409134589768,4.610521014599131,2.1347768693190243,untrained
25,4,0.14924921307594843,0.004026017096256593,2.9665328647705507,1.2937851772888724,untrained
25,5,0.06384404562644248,0.01298349034585269,3.2099489623040456,1.5558884921523757,untrained
25,6,0.025130118547620428,0.07002584744121554,3.755868710018465,1.5663196226673177,untrained
25,7,0.04458692641050738,0.00988433812151529,1.779932897712933,1.6027981399003017,untrained
25,8,0.11249749310362994,0.025750793082554905,3.102794048713278,1.4945457521080048,untrained
25,9,0.22435283619059132,0.0785331525215098,2.448481639084501,2.0078372004552527,untrained
26,0,0.4612928709499986,0.019509926564210023,2.1941285610454275,0.968387268500122,untrained
26,1,0.13050390961044703,0.01243897790352011,3.0264074947585464,1.1572807992059646,untrained
26,2,0.017055056224370035,0.004190573969086674,2.1213743717142934,1.6001240431976789,untrained
26,3,0.04890245469601201,0.007363858422598915,1.7836717879823527,1.168644094649678,untrained
26,4,0.018821105744736527,0.019960111458080076,1.7268236524765013,1.0898823744189312,untrained
26,5,0.158780308860052,0.004834941619654476,2.2056518957453877,1.44354053793578,untrained
26,6,0.01874021239446308,0.0605919037724575,3.1183620982296487,0.7355890021557677,untrained
26,7,0.09240792237590112,0.020209723670486818,2.517162632543073,1.5172283465599596,untrained
26,8,0.11438586592935127,0.008608058932458418,2.4817707014362758,1.2144251902820404,untrained
26,9,0.16861978297313407,0.009564154223312471,2.221753904304989,1.387327929344836,untrained
27,0,0.001201312168795876,0.007340378124214869,1.0821340457572384,3.0890946467724674,untrained
27,1,0.005106248083409426,0.08269530968877853,1.954330414220602,0.8964173490714267,untrained
27,2,0.016128797206276024,0.004516913397882016,3.584889996787208,0.8658109825746965,untrained
27,3,0.20431237809631944,0.07486946950239037,2.8508196865944395,2.7343005009288452,untrained
27,4,0.046135816035880045,0.02820065810779021,3.8313223109972605,2.534148675971851,untrained
27,5,0.027467346738006382,0.15215936979311517,1.7642001446712186,2.1133074868599397,untrained
27,6,0.040298063351879965,0.013647099831523679,2.4114382082149866,2.092690891392239,untrained
27,7,0.07592193737252828,0.011397224179756082,3.7901818761813173,1.5010639578668414,untrained
27,8,0.01720645586577052,0.20165975207172404,1.5725454914958674,2.0676830954253735,untrained
27,9,0.010355107676864012,0.19353247903517895,4.4444835119858865,2.2500159268615567,untrained
28,0,0.014780450408589246,0.011004988198408346,3.741156742666675,1.3426014030981623,untrained
28,1,0.01336506580876902,0.028682741379945198,2.959720927843937,1.2809362561209867,untrained
28,2,0.07755031035323717,0.03737383120558921,2.7995221578506366,1.424066749493341,untrained
28,3,0.015564319906614,0.049488688485927024,3.066164931122278,1.610855291140989,untrained
28,4,0.007112477911206616,0.01008312224144664,2.856966937212251,0.8677362714787356,untrained
28,5,0.051464667730769575,0.009091743858077123,2.4805351707401844,1.1728301140576907,untrained
28,6,0.052734059590700544,0.09878395027252956,2.4012607433219806,0.6760827542374248,untrained
28,7,0.04650394088455717,0.025455942434594425,2.6501146992690043,1.4783691897731286,untrained
28,8,0.012308989441884813,0.01513184944412177,2.736234711577106,2.396240533114379,untrained
28,9,0.030386761167112947,0.009435943946478814,2.3517191531098733,1.025202651048403,untrained
29,0,0.05064445805474878,0.013965513241556718,3.6900054410058796,2.865857847933376,untrained
29,1,0.018696796850107666,0.1781128448692355,2.928684682605523,3.1520165118814893,untrained
29,2,0.2762940256756738,0.0039057361420879455,5.1030603278279685,2.5985534718890193,untrained
29,3,0.02725342090907476,0.02747450314208863,4.031782067510537,3.3642227778710243,untrained
29,4,0.032108866590613544,0.3053024693786087,3.0844789813821114,3.121377192463225,untrained
29,5,0.1527848062052684,0.05230519156304929,4.116615744636569,2.3108701386630135,untrained
29,6,0.045512554633705765,0.03182780445375323,2.5132256903788,3.9384912335065065,untrained
29,7,0.030315626989743993,0.05274420294537829,3.8383774028392725,2.9401868411002403,untrained
29,8,0.036230360047837314,0.008647524484027669,3.9156881219593704,2.134680034903731,untrained
29,9,0.007246462814181176,0.012853815717343037,4.351424424248842,1.8184588992532236,untrained
30,0,0.008814808004747876,0.06613373875106554,2.421352967918554,1.2613059687204666,untrained
30,1,0.01584393001686063,0.07237416423834292,2.8765603201570533,1.817604467327458,untrained
30,2,0.01118563491908775,0.06203058658988253,2.334156891463963,1.4094957150554017,untrained
30,3,0.030720691184291438,0.007178179888667563,2.4949995693923785,2.4583879599101714,untrained
30,4,0.04495313912004112,0.03929746481870214,2.986253497467261,1.8143803325670138,untrained
30,5,0.06928604164042401,0.05394659007286523,2.1553102410775433,2.1907203561123287,untrained
30,6,0.014978811834138642,0.009631499776922459,3.916471257127541,2.1840074892384673,untrained
30,7,0.027367565071838906,0.015164799464503817,4.9172260592625285,2.4393543961196746,untrained
30,8,0.003975912951988736,0.016607781072972144,2.4308612731384955,2.0735850898495993,untrained
30,9,0.028057555272485036,0.023896868773719437,1.5710079596234483,1.0161894874699864,untrained
