seed,episode,signature_default,signature_coupled,partition_mismatch_fraction,partition_agreement,exact_partition_match
1,0,"A[2,7]|B[0,1,3,4,5,6,8,9,10,11]","A[1,3,4,5,6,7,8,10]|B[0,2,9,11]",0.3333333333333333,0.6666666666666667,False
1,1,"A[1,2,4,6,7,9,11]|B[0,3,5,8,10]","A[3,5,6,7,8,10]|B[0,1,2,4,9,11]",0.25,0.75,False
1,2,"A[2,7]|B[0,1,3,4,5,6,8,9,10,11]","A[4,7,9,10,11]|B[0,1,2,3,5,6,8]",0.4166666666666667,0.5833333333333333,False
1,3,"A[1,4,6]|B[0,2,3,5,7,8,9,10,11]","A[3,4,5,6,7,8,10]|B[0,1,2,9,11]",0.5,0.5,False
1,4,"A[1,2,4,6,7]|B[0,3,5,8,9,10,11]","A[1,3,4,6,7,8,10]|B[0,2,5,9,11]",0.3333333333333333,0.6666666666666667,False
1,5,"A[1,2,4,6,7]|B[0,3,5,8,9,10,11]","A[3,4,5,6,7,8,10]|B[0,1,2,9,11]",0.5,0.5,False
1,6,"A[7]|B[0,1,2,3,4,5,6,8,9,10,11]","A[1,3,4,6,7,8,10]|B[0,2,5,9,11]",0.5,0.5,False
1,7,"A[2]|B[0,1,3,4,5,6,7,8,9,10,11]","A[1,3,4,6,7,8,10]|B[0,2,5,9,11]",0.3333333333333333,0.6666666666666667,False
1,8,"A[2,7,9]|B[0,1,3,4,5,6,8,10,11]","A[3,4,5,7,8,10]|B[0,1,2,6,9,11]",0.4166666666666667,0.5833333333333333,False
1,9,"A[1,3,4,6,8]|B[0,2,5,7,9,10,11]","A[1,3,4,5,6,7,8,10]|B[0,2,9,11]",0.25,0.75,False
2,0,"A[1,2,4,6,7,8,9]|B[0,3,5,10,11]","A[1,2,4,6,7,8,9]|B[0,3,5,10,11]",0.0,1.0,True
2,1,"A[3,10]|B[0,1,2,4,5,6,7,8,9,11]","A[1,3,5,10,11]|B[0,2,4,6,7,8,9]",0.25,0.75,False
2,2,"A[1,2,4,5,7,8,9]|B[0,3,6,10,11]","A[1,3,5,10,11]|B[0,2,4,6,7,8,9]",0.3333333333333333,0.6666666666666667,False
2,3,"A[1,2,4,6,7,8,9]|B[0,3,5,10,11]","A[1,2,4,6,7,8,9,11]|B[0,3,5,10]",0.08333333333333333,0.9166666666666666,False
2,4,"A[3,10]|B[0,1,2,4,5,6,7,8,9,11]","A[1,3,5,6,10,11]|B[0,2,4,7,8,9]",0.3333333333333333,0.6666666666666667,False
2,5,"A[1,2,4,7,8,9]|B[0,3,5,6,10,11]","A[3,5,10,11]|B[0,1,2,4,6,7,8,9]",0.16666666666666666,0.8333333333333334,False
2,6,"A[3]|B[0,1,2,4,5,6,7,8,9,10,11]","A[3,5,6,10,11]|B[0,1,2,4,7,8,9]",0.3333333333333333,0.6666666666666667,False
2,7,"A[10]|B[0,1,2,3,4,5,6,7,8,9,11]","A[1,2,4,6,7,8,9]|B[0,3,5,10,11]",0.3333333333333333,0.6666666666666667,False
2,8,"A[6]|B[0,1,2,3,4,5,7,8,9,10,11]","A[1,3,5,10,11]|B[0,2,4,6,7,8,9]",0.5,0.5,False
2,9,"A[1,2,3,4,6,7,8,9]|B[0,5,10,11]","A[2,3,4,5,6,7,9,10,11]|B[0,1,8]",0.4166666666666667,0.5833333333333333,False
3,0,"A[2,3,4,6,7,10,11]|B[0,1,5,8,9]","A[2,3,5,10]|B[0,1,4,6,7,8,9,11]",0.4166666666666667,0.5833333333333333,False
3,1,"A[2,3,5,6,10]|B[0,1,4,7,8,9,11]","A[3]|B[0,1,2,4,5,6,7,8,9,10,11]",0.3333333333333333,0.6666666666666667,False
3,2,"A[2,3,6,10]|B[0,1,4,5,7,8,9,11]","A[2,4,5,10]|B[0,1,3,6,7,8,9,11]",0.3333333333333333,0.6666666666666667,False
3,3,"A[5]|B[0,1,2,3,4,6,7,8,9,10,11]","A[5]|B[0,1,2,3,4,6,7,8,9,10,11]",0.0,1.0,True
3,4,"A[1,5]|B[0,2,3,4,6,7,8,9,10,11]","A[2,3,5]|B[0,1,4,6,7,8,9,10,11]",0.25,0.75,False
3,5,"A[2,10]|B[0,1,3,4,5,6,7,8,9,11]","A[3]|B[0,1,2,4,5,6,7,8,9,10,11]",0.25,0.75,False
3,6,"A[1,2,3,5,6,10]|B[0,4,7,8,9,11]","A[3,5]|B[0,1,2,4,6,7,8,9,10,11]",0.3333333333333333,0.6666666666666667,False
3,7,"A[1,5]|B[0,2,3,4,6,7,8,9,10,11]","A[3,5]|B[0,1,2,4,6,7,8,9,10,11]",0.16666666666666666,0.8333333333333334,False
3,8,"A[1,5]|B[0,2,3,4,6,7,8,9,10,11]","A[1,6,7,8,9,11]|B[0,2,3,4,5,10]",0.5,0.5,False
3,9,"A[2,6,10]|B[0,1,3,4,5,7,8,9,11]","A[3,7,8]|B[0,1,2,4,5,6,9,10,11]",0.5,0.5,False
4,0,"A[1,2,5,6,7,8,10,11]|B[0,3,4,9]","A[1,3,7,9,10]|B[0,2,4,5,6,8,11]",0.4166666666666667,0.5833333333333333,False
4,1,"A[3,4,9,10]|B[0,1,2,5,6,7,8,11]","A[1,3,7,9,10]|B[0,2,4,5,6,8,11]",0.25,0.75,False
4,2,"A[1,2,3,5,6,7,8,11]|B[0,4,9,10]","A[1,3,7,9,10]|B[0,2,4,5,6,8,11]",0.4166666666666667,0.5833333333333333,False
4,3,"A[1,2,5,7,8,11]|B[0,3,4,6,9,10]","A[1,3,7,9,10]|B[0,2,4,5,6,8,11]",0.4166666666666667,0.5833333333333333,False
4,4,"A[1,2,5,6,7,11]|B[0,3,4,8,9,10]","A[1,2,3,7,9,10]|B[0,4,5,6,8,11]",0.5,0.5,False
4,5,"A[1,2,5,6,7,8,11]|B[0,3,4,9,10]","A[1,3,7,9]|B[0,2,4,5,6,8,10,11]",0.4166666666666667,0.5833333333333333,False
4,6,"A[1,2,5,6,7,8,10,11]|B[0,3,4,9]","A[1,3,7,9,10]|B[0,2,4,5,6,8,11]",0.4166666666666667,0.5833333333333333,False
4,7,"A[1,2,5,6,7,8,10,11]|B[0,3,4,9]","A[1,3,7,9,10]|B[0,2,4,5,6,8,11]",0.4166666666666667,0.5833333333333333,False
4,8,"A[1,2,5,6,7,8,11]|B[0,3,4,9,10]","A[1,3,7,9,10]|B[0,2,4,5,6,8,11]",0.3333333333333333,0.6666666666666667,False
4,9,"A[1,2,5,6,7,8,10,11]|B[0,3,4,9]","A[1,3,7,9,10]|B[0,2,4,5,6,8,11]",0.4166666666666667,0.5833333333333333,False
5,0,"A[7,9]|B[0,1,2,3,4,5,6,8,10,11]","A[2,5,10,11]|B[0,1,3,4,6,7,8,9]",0.5,0.5,False
5,1,"A[1,2,3,7,8,9,10,11]|B[0,4,5,6]","A[11]|B[0,1,2,3,4,5,6,7,8,9,10]",0.4166666666666667,0.5833333333333333,False
5,2,"A[7]|B[0,1,2,3,4,5,6,8,9,10,11]","A[1,2,4,5,6,8,10,11]|B[0,3,7,9]",0.25,0.75,False
5,3,"A[7]|B[0,1,2,3,4,5,6,8,9,10,11]","A[1,3,4,8]|B[0,2,5,6,7,9,10,11]",0.4166666666666667,0.5833333333333333,False
5,4,"A[1,2,3,5,6,8,9,10,11]|B[0,4,7]","A[9]|B[0,1,2,3,4,5,6,7,8,10,11]",0.3333333333333333,0.6666666666666667,False
5,5,"A[1,7,8,9]|B[0,2,3,4,5,6,10,11]","A[3]|B[0,1,2,4,5,6,7,8,9,10,11]",0.4166666666666667,0.5833333333333333,False
5,6,"A[1,2,3,8,9,10,11]|B[0,4,5,6,7]","A[1,2,4,5,6,8,10,11]|B[0,3,7,9]",0.4166666666666667,0.5833333333333333,False
5,7,"A[1,5,6,7,8,9,10]|B[0,2,3,4,11]","A[1,4]|B[0,2,3,5,6,7,8,9,10,11]",0.4166666666666667,0.5833333333333333,False
5,8,"A[7]|B[0,1,2,3,4,5,6,8,9,10,11]","A[2,5,6,8,9,10,11]|B[0,1,3,4,7]",0.3333333333333333,0.6666666666666667,False
5,9,"A[1,2,3,8,9,10,11]|B[0,4,5,6,7]","A[7,9]|B[0,1,2,3,4,5,6,8,10,11]",0.4166666666666667,0.5833333333333333,False
6,0,"A[6,7,11]|B[0,1,2,3,4,5,8,9,10]","A[1,3,5,6,7,8,9,10,11]|B[0,2,4]",0.5,0.5,False
6,1,"A[6,7,10,11]|B[0,1,2,3,4,5,8,9]","A[4,6,7,11]|B[0,1,2,3,5,8,9,10]",0.16666666666666666,0.8333333333333334,False
6,2,"A[6,7,11]|B[0,1,2,3,4,5,8,9,10]","A[4,6,7,11]|B[0,1,2,3,5,8,9,10]",0.08333333333333333,0.9166666666666666,False
6,3,"A[1,4,6,7,10,11]|B[0,2,3,5,8,9]","A[4,6,7,11]|B[0,1,2,3,5,8,9,10]",0.16666666666666666,0.8333333333333334,False
6,4,"A[6,7,11]|B[0,1,2,3,4,5,8,9,10]","A[8]|B[0,1,2,3,4,5,6,7,9,10,11]",0.3333333333333333,0.6666666666666667,False
6,5,"A[6,7,11]|B[0,1,2,3,4,5,8,9,10]","A[1,3,4,5,6,7,9,10,11]|B[0,2,8]",0.5,0.5,False
6,6,"A[6,7,11]|B[0,1,2,3,4,5,8,9,10]","A[4,6,11]|B[0,1,2,3,5,7,8,9,10]",0.16666666666666666,0.8333333333333334,False
6,7,"A[6,7,11]|B[0,1,2,3,4,5,8,9,10]","A[1,2,3,4,5,6,7,9,10,11]|B[0,8]",0.4166666666666667,0.5833333333333333,False
6,8,"A[6,7,11]|B[0,1,2,3,4,5,8,9,10]","A[4,6,7,9,11]|B[0,1,2,3,5,8,10]",0.16666666666666666,0.8333333333333334,False
6,9,"A[6,7,10,11]|B[0,1,2,3,4,5,8,9]","A[4,6,7,9,11]|B[0,1,2,3,5,8,10]",0.25,0.75,False
7,0,"A[1,6]|B[0,2,3,4,5,7,8,9,10,11]","A[1,4,7,11]|B[0,2,3,5,6,8,9,10]",0.3333333333333333,0.6666666666666667,False
7,1,"A[1,10,11]|B[0,2,3,4,5,6,7,8,9]","A[1,4,5,7,11]|B[0,2,3,6,8,9,10]",0.3333333333333333,0.6666666666666667,False
7,2,"A[3,5,6,9]|B[0,1,2,4,7,8,10,11]","A[1,4,5,7,11]|B[0,2,3,6,8,9,10]",0.4166666666666667,0.5833333333333333,False
7,3,"A[1,3,5,6,9]|B[0,2,4,7,8,10,11]","A[5]|B[0,1,2,3,4,6,7,8,9,10,11]",0.3333333333333333,0.6666666666666667,False
7,4,"A[1,2,9,10]|B[0,3,4,5,6,7,8,11]","A[2,3,5,6,8,9,10]|B[0,1,4,7,11]",0.4166666666666667,0.5833333333333333,False
7,5,"A[6,9]|B[0,1,2,3,4,5,7,8,10,11]","A[1,4,7,10,11]|B[0,2,3,5,6,8,9]",0.4166666666666667,0.5833333333333333,False
7,6,"A[3,5]|B[0,1,2,4,6,7,8,9,10,11]","A[3,5,6,9,10]|B[0,1,2,4,7,8,11]",0.25,0.75,False
7,7,"A[1,10,11]|B[0,2,3,4,5,6,7,8,9]","A[4,7,10,11]|B[0,1,2,3,5,6,8,9]",0.25,0.75,False
7,8,"A[3,5,6,9]|B[0,1,2,4,7,8,10,11]","A[2,3,5,6,8,9,10]|B[0,1,4,7,11]",0.25,0.75,False
7,9,"A[6]|B[0,1,2,3,4,5,7,8,9,10,11]","A[1,4,5,6,7,9,10,11]|B[0,2,3,8]",0.4166666666666667,0.5833333333333333,False
8,0,"A[1,4,5]|B[0,2,3,6,7,8,9,10,11]","A[6,8,9,10,11]|B[0,1,2,3,4,5,7]",0.3333333333333333,0.6666666666666667,False
8,1,"A[5,8]|B[0,1,2,3,4,6,7,9,10,11]","A[4]|B[0,1,2,3,5,6,7,8,9,10,11]",0.25,0.75,False
8,2,"A[1,4,5]|B[0,2,3,6,7,8,9,10,11]","A[9]|B[0,1,2,3,4,5,6,7,8,10,11]",0.3333333333333333,0.6666666666666667,False
8,3,"A[1,4,5]|B[0,2,3,6,7,8,9,10,11]","A[4]|B[0,1,2,3,5,6,7,8,9,10,11]",0.16666666666666666,0.8333333333333334,False
8,4,"A[2,3,6,7,9,10,11]|B[0,1,4,5,8]","A[8,9]|B[0,1,2,3,4,5,6,7,10,11]",0.4166666666666667,0.5833333333333333,False
8,5,"A[1,4,5,8]|B[0,2,3,6,7,9,10,11]","A[4,5,9]|B[0,1,2,3,6,7,8,10,11]",0.25,0.75,False
8,6,"A[1,4,5,8]|B[0,2,3,6,7,9,10,11]","A[1]|B[0,2,3,4,5,6,7,8,9,10,11]",0.25,0.75,False
8,7,"A[1,4,5]|B[0,2,3,6,7,8,9,10,11]","A[8,10,11]|B[0,1,2,3,4,5,6,7,9]",0.5,0.5,False
8,8,"A[2,3,6,7,8,10,11]|B[0,1,4,5,9]","A[4,5,9]|B[0,1,2,3,6,7,8,10,11]",0.16666666666666666,0.8333333333333334,False
8,9,"A[1,4,5,9]|B[0,2,3,6,7,8,10,11]","A[5,6]|B[0,1,2,3,4,7,8,9,10,11]",0.3333333333333333,0.6666666666666667,False
9,0,"A[1,3]|B[0,2,4,5,6,7,8,9,10,11]","A[1,3,8]|B[0,2,4,5,6,7,9,10,11]",0.08333333333333333,0.9166666666666666,False
9,1,"A[1,3]|B[0,2,4,5,6,7,8,9,10,11]","A[1,3,5,8,11]|B[0,2,4,6,7,9,10]",0.25,0.75,False
9,2,"A[1]|B[0,2,3,4,5,6,7,8,9,10,11]","A[1,3,8]|B[0,2,4,5,6,7,9,10,11]",0.16666666666666666,0.8333333333333334,False
9,3,"A[1]|B[0,2,3,4,5,6,7,8,9,10,11]","A[1,3,5,8,11]|B[0,2,4,6,7,9,10]",0.3333333333333333,0.6666666666666667,False
9,4,"A[1]|B[0,2,3,4,5,6,7,8,9,10,11]","A[1]|B[0,2,3,4,5,6,7,8,9,10,11]",0.0,1.0,True
9,5,"A[1]|B[0,2,3,4,5,6,7,8,9,10,11]","A[1,3,8]|B[0,2,4,5,6,7,9,10,11]",0.16666666666666666,0.8333333333333334,False
9,6,"A[1,3]|B[0,2,4,5,6,7,8,9,10,11]","A[1,3,8]|B[0,2,4,5,6,7,9,10,11]",0.08333333333333333,0.9166666666666666,False
9,7,"A[1,3]|B[0,2,4,5,6,7,8,9,10,11]","A[1,3,5,8,11]|B[0,2,4,6,7,9,10]",0.25,0.75,False
9,8,"A[1]|B[0,2,3,4,5,6,7,8,9,10,11]","A[1,5,8]|B[0,2,3,4,6,7,9,10,11]",0.16666666666666666,0.8333333333333334,False
9,9,"A[1]|B[0,2,3,4,5,6,7,8,9,10,11]","A[1,3,5,8,9,11]|B[0,2,4,6,7,10]",0.4166666666666667,0.5833333333333333,False
10,0,"A[1,4,7]|B[0,2,3,5,6,8,9,10,11]","A[7]|B[0,1,2,3,4,5,6,8,9,10,11]",0.16666666666666666,0.8333333333333334,False
10,1,"A[1,2,3,4,5,6,8,9,11]|B[0,7,10]","A[5,9,10,11]|B[0,1,2,3,4,6,7,8]",0.4166666666666667,0.5833333333333333,False
10,2,"A[3,6,9]|B[0,1,2,4,5,7,8,10,11]","A[1,2,7]|B[0,3,4,5,6,8,9,10,11]",0.5,0.5,False
10,3,"A[5,6,8,9,11]|B[0,1,2,3,4,7,10]","A[5,9,10,11]|B[0,1,2,3,4,6,7,8]",0.25,0.75,False
10,4,"A[1,2,3,4,5,7,8]|B[0,6,9,10,11]","A[4,5,8,9,10]|B[0,1,2,3,6,7,11]",0.5,0.5,False
10,5,"A[2,3,5,6,8,9,11]|B[0,1,4,7,10]","A[1,2,5,9,10,11]|B[0,3,4,6,7,8]",0.4166666666666667,0.5833333333333333,False
10,6,"A[1,2,3,4,7,8,11]|B[0,5,6,9,10]","A[4,5,7,8,9,10]|B[0,1,2,3,6,11]",0.4166666666666667,0.5833333333333333,False
10,7,"A[1,2,3,4,7,8,10,11]|B[0,5,6,9]","A[5,7,9,10,11]|B[0,1,2,3,4,6,8]",0.4166666666666667,0.5833333333333333,False
10,8,"A[1]|B[0,2,3,4,5,6,7,8,9,10,11]","A[5,9,10,11]|B[0,1,2,3,4,6,7,8]",0.4166666666666667,0.5833333333333333,False
10,9,"A[7]|B[0,1,2,3,4,5,6,8,9,10,11]","A[4,5,8,9,10]|B[0,1,2,3,6,7,11]",0.5,0.5,False
11,0,"A[3,4,6,8]|B[0,1,2,5,7,9,10,11]","A[5,9,10,11]|B[0,1,2,3,4,6,7,8]",0.3333333333333333,0.6666666666666667,False
11,1,"A[4,6,9]|B[0,1,2,3,5,7,8,10,11]","A[3,4,7,8]|B[0,1,2,5,6,9,10,11]",0.4166666666666667,0.5833333333333333,False
11,2,"A[1,2,3,5,10,11]|B[0,4,6,7,8,9]","A[5,9,11]|B[0,1,2,3,4,6,7,8,10]",0.4166666666666667,0.5833333333333333,False
11,3,"A[1,3,5,9,10,11]|B[0,2,4,6,7,8]","A[1,2,5,9,10,11]|B[0,3,4,6,7,8]",0.16666666666666666,0.8333333333333334,False
11,4,"A[1,2,3,5,6,7,8,9,10,11]|B[0,4]","A[1,2,5,10,11]|B[0,3,4,6,7,8,9]",0.4166666666666667,0.5833333333333333,False
11,5,"A[1,3,5,9,10,11]|B[0,2,4,6,7,8]","A[1,2,5,6,11]|B[0,3,4,7,8,9,10]",0.4166666666666667,0.5833333333333333,False
11,6,"A[1,5,10,11]|B[0,2,3,4,6,7,8,9]","A[5,9,10,11]|B[0,1,2,3,4,6,7,8]",0.16666666666666666,0.8333333333333334,False
11,7,"A[1,3,5,7,9,10,11]|B[0,2,4,6,8]","A[1,2,3,4,6,7,8]|B[0,5,9,10,11]",0.3333333333333333,0.6666666666666667,False
11,8,"A[6,10,11]|B[0,1,2,3,4,5,7,8,9]","A[2,3,6]|B[0,1,4,5,7,8,9,10,11]",0.3333333333333333,0.6666666666666667,False
11,9,"A[1,3,5,10,11]|B[0,2,4,6,7,8,9]","A[1,2,4,7,8,9]|B[0,3,5,6,10,11]",0.25,0.75,False
12,0,"A[1,2,5,7,8,9,10]|B[0,3,4,6,11]","A[1,2,5,7,8,9]|B[0,3,4,6,10,11]",0.08333333333333333,0.9166666666666666,False
12,1,"A[3,4,6,11]|B[0,1,2,5,7,8,9,10]","A[3,4,6,10,11]|B[0,1,2,5,7,8,9]",0.08333333333333333,0.9166666666666666,False
12,2,"A[1,2,5,7,8,9,10]|B[0,3,4,6,11]","A[3,4,6,10,11]|B[0,1,2,5,7,8,9]",0.16666666666666666,0.8333333333333334,False
12,3,"A[1,2,5,7,9,10]|B[0,3,4,6,8,11]","A[3,4,6,10,11]|B[0,1,2,5,7,8,9]",0.25,0.75,False
12,4,"A[1,2,3,8,11]|B[0,4,5,6,7,9,10]","A[3,4,6,10,11]|B[0,1,2,5,7,8,9]",0.5,0.5,False
12,5,"A[1,2,5,7,8,9,10]|B[0,3,4,6,11]","A[1,2,5,7,9]|B[0,3,4,6,8,10,11]",0.16666666666666666,0.8333333333333334,False
12,6,"A[1,2,5,7,8,9,10]|B[0,3,4,6,11]","A[3,4,6,10,11]|B[0,1,2,5,7,8,9]",0.16666666666666666,0.8333333333333334,False
12,7,"A[1,2,3,5,7,8,9,10]|B[0,4,6,11]","A[1,2,5,7,8,9]|B[0,3,4,6,10,11]",0.16666666666666666,0.8333333333333334,False
12,8,"A[1,2,5,7,8,9,10]|B[0,3,4,6,11]","A[3,4,6,10,11]|B[0,1,2,5,7,8,9]",0.16666666666666666,0.8333333333333334,False
12,9,"A[3,4,6,11]|B[0,1,2,5,7,8,9,10]","A[3,4,6,10,11]|B[0,1,2,5,7,8,9]",0.08333333333333333,0.9166666666666666,False
13,0,"A[4,6,7,8,9,10,11]|B[0,1,2,3,5]","A[4,7,8]|B[0,1,2,3,5,6,9,10,11]",0.3333333333333333,0.6666666666666667,False
13,1,"A[4,6,7,8,9,11]|B[0,1,2,3,5,10]","A[4,7,8,10]|B[0,1,2,3,5,6,9,11]",0.3333333333333333,0.6666666666666667,False
13,2,"A[3,5]|B[0,1,2,4,6,7,8,9,10,11]","A[4,7,8,9,10]|B[0,1,2,3,5,6,11]",0.4166666666666667,0.5833333333333333,False
13,3,"A[2,4,6,9]|B[0,1,3,5,7,8,10,11]","A[1,3,5,6,9,10,11]|B[0,2,4,7,8]",0.4166666666666667,0.5833333333333333,False
13,4,"A[1,2,3,4,6,7,8,10,11]|B[0,5,9]","A[7,8]|B[0,1,2,3,4,5,6,9,10,11]",0.4166666666666667,0.5833333333333333,False
13,5,"A[5]|B[0,1,2,3,4,6,7,8,9,10,11]","A[7,8]|B[0,1,2,3,4,5,6,9,10,11]",0.25,0.75,False
13,6,"A[8,11]|B[0,1,2,3,4,5,6,7,9,10]","A[4,7,8,11]|B[0,1,2,3,5,6,9,10]",0.16666666666666666,0.8333333333333334,False
13,7,"A[5]|B[0,1,2,3,4,6,7,8,9,10,11]","A[4,7,8]|B[0,1,2,3,5,6,9,10,11]",0.3333333333333333,0.6666666666666667,False
13,8,"A[1,2,7,8,10,11]|B[0,3,4,5,6,9]","A[5,9,11]|B[0,1,2,3,4,6,7,8,10]",0.4166666666666667,0.5833333333333333,False
13,9,"A[2,7,8,10,11]|B[0,1,3,4,5,6,9]","A[4,7,8,10,11]|B[0,1,2,3,5,6,9]",0.16666666666666666,0.8333333333333334,False
14,0,"A[2,9,11]|B[0,1,3,4,5,6,7,8,10]","A[2,3,10,11]|B[0,1,4,5,6,7,8,9]",0.25,0.75,False
14,1,"A[7,8,9,11]|B[0,1,2,3,4,5,6,10]","A[2]|B[0,1,3,4,5,6,7,8,9,10,11]",0.4166666666666667,0.5833333333333333,False
14,2,"A[3,4,5,6,7,8,11]|B[0,1,2,9,10]","A[2,10,11]|B[0,1,3,4,5,6,7,8,9]",0.3333333333333333,0.6666666666666667,False
14,3,"A[10]|B[0,1,2,3,4,5,6,7,8,9,11]","A[2,6,10,11]|B[0,1,3,4,5,7,8,9]",0.25,0.75,False
14,4,"A[2]|B[0,1,3,4,5,6,7,8,9,10,11]","A[2,10,11]|B[0,1,3,4,5,6,7,8,9]",0.16666666666666666,0.8333333333333334,False
14,5,"A[2,3,4,5,6,8,9,11]|B[0,1,7,10]","A[2,3,10]|B[0,1,4,5,6,7,8,9,11]",0.4166666666666667,0.5833333333333333,False
14,6,"A[6,7,8]|B[0,1,2,3,4,5,9,10,11]","A[3,6,10]|B[0,1,2,4,5,7,8,9,11]",0.3333333333333333,0.6666666666666667,False
14,7,"A[2,3,4,5,6,7,8,9,11]|B[0,1,10]","A[2,3,10,11]|B[0,1,4,5,6,7,8,9]",0.4166666666666667,0.5833333333333333,False
14,8,"A[3,4,5,6,8]|B[0,1,2,7,9,10,11]","A[6,10,11]|B[0,1,2,3,4,5,7,8,9]",0.5,0.5,False
14,9,"A[2,3,4,5,6,7,9,10,11]|B[0,1,8]","A[3,6,10,11]|B[0,1,2,4,5,7,8,9]",0.4166666666666667,0.5833333333333333,False
15,0,"A[1,4,5,7,9,11]|B[0,2,3,6,8,10]","A[2,6,8]|B[0,1,3,4,5,7,9,10,11]",0.25,0.75,False
15,1,"A[2,3,6,8]|B[0,1,4,5,7,9,10,11]","A[8]|B[0,1,2,3,4,5,6,7,9,10,11]",0.25,0.75,False
15,2,"A[1,2,4,5,7,8,9,11]|B[0,3,6,10]","A[2,4,6,8]|B[0,1,3,5,7,9,10,11]",0.5,0.5,False
15,3,"A[10]|B[0,1,2,3,4,5,6,7,8,9,11]","A[3,4,5,7,8,9,10]|B[0,1,2,6,11]",0.5,0.5,False
15,4,"A[1,2,5,7,9,11]|B[0,3,4,6,8,10]","A[2,6]|B[0,1,3,4,5,7,8,9,10,11]",0.5,0.5,False
15,5,"A[1,4,5,7,8,9,11]|B[0,2,3,6,10]","A[8]|B[0,1,2,3,4,5,6,7,9,10,11]",0.5,0.5,False
15,6,"A[1,4,5,7,9,11]|B[0,2,3,6,8,10]","A[2,3,4,6,7,8,10]|B[0,1,5,9,11]",0.25,0.75,False
15,7,"A[2,3,6,8,10]|B[0,1,4,5,7,9,11]","A[2,3,7,8]|B[0,1,4,5,6,9,10,11]",0.25,0.75,False
15,8,"A[1,2,4,5,7,9,11]|B[0,3,6,8,10]","A[1,3,4,5,7,8,9,10,11]|B[0,2,6]",0.3333333333333333,0.6666666666666667,False
15,9,"A[1,2,4,5,7,9,11]|B[0,3,6,8,10]","A[4,7]|B[0,1,2,3,5,6,8,9,10,11]",0.4166666666666667,0.5833333333333333,False
16,0,"A[1,2,3,4,6,7,8,9,11]|B[0,5,10]","A[1,2,4,5,9,10]|B[0,3,6,7,8,11]",0.4166666666666667,0.5833333333333333,False
16,1,"A[9]|B[0,1,2,3,4,5,6,7,8,10,11]","A[1,2,4,5,7,8,9,10,11]|B[0,3,6]",0.3333333333333333,0.6666666666666667,False
16,2,"A[2,3,4,5,7,9,11]|B[0,1,6,8,10]","A[1,2,3,4,5,9,10]|B[0,6,7,8,11]",0.3333333333333333,0.6666666666666667,False
16,3,"A[1,2,10]|B[0,3,4,5,6,7,8,9,11]","A[1,2,3,4,5,7,8,9,10,11]|B[0,6]",0.4166666666666667,0.5833333333333333,False
16,4,"A[3,4,5,7,11]|B[0,1,2,6,8,9,10]","A[4,8]|B[0,1,2,3,5,6,7,9,10,11]",0.4166666666666667,0.5833333333333333,False
16,5,"A[2,3,4,5,7,11]|B[0,1,6,8,9,10]","A[2,3,4,5,9,10]|B[0,1,6,7,8,11]",0.3333333333333333,0.6666666666666667,False
16,6,"A[2,6,10]|B[0,1,3,4,5,7,8,9,11]","A[1,2,4,5,9,10]|B[0,3,6,7,8,11]",0.4166666666666667,0.5833333333333333,False
16,7,"A[1,2,3,4,5,6,7,8,9,11]|B[0,10]","A[4,5,8,10]|B[0,1,2,3,6,7,9,11]",0.3333333333333333,0.6666666666666667,False
16,8,"A[5,9]|B[0,1,2,3,4,6,7,8,10,11]","A[1,2,3,4,5,6,7,8,9,10,11]|B[0]",0.25,0.75,False
16,9,"A[1,2,3,4,5,6,7,9,11]|B[0,8,10]","A[6,7,11]|B[0,1,2,3,4,5,8,9,10]",0.5,0.5,False
17,0,"A[1,4,5,7]|B[0,2,3,6,8,9,10,11]","A[6,9]|B[0,1,2,3,4,5,7,8,10,11]",0.5,0.5,False
17,1,"A[1,3,4,5,6,7,9]|B[0,2,8,10,11]","A[3]|B[0,1,2,4,5,6,7,8,9,10,11]",0.5,0.5,False
17,2,"A[1,3,4,6,7,9]|B[0,2,5,8,10,11]","A[3,6,9]|B[0,1,2,4,5,7,8,10,11]",0.25,0.75,False
17,3,"A[4,6]|B[0,1,2,3,5,7,8,9,10,11]","A[4,6,9,10,11]|B[0,1,2,3,5,7,8]",0.25,0.75,False
17,4,"A[1,5,7]|B[0,2,3,4,6,8,9,10,11]","A[2,4,5,7,8,10,11]|B[0,1,3,6,9]",0.5,0.5,False
17,5,"A[1,5,7,9]|B[0,2,3,4,6,8,10,11]","A[1,5,7,8]|B[0,2,3,4,6,9,10,11]",0.16666666666666666,0.8333333333333334,False
17,6,"A[1,2,3,4,5,6,9,10,11]|B[0,7,8]","A[4,5,7,8,9,10]|B[0,1,2,3,6,11]",0.4166666666666667,0.5833333333333333,False
17,7,"A[6,8,10]|B[0,1,2,3,4,5,7,9,11]","A[1,2,4,5,6,7,8,9,10,11]|B[0,3]",0.4166666666666667,0.5833333333333333,False
17,8,"A[1,5,7,9]|B[0,2,3,4,6,8,10,11]","A[1,3,6,9]|B[0,2,4,5,7,8,10,11]",0.3333333333333333,0.6666666666666667,False
17,9,"A[11]|B[0,1,2,3,4,5,6,7,8,9,10]","A[3,6,9]|B[0,1,2,4,5,7,8,10,11]",0.3333333333333333,0.6666666666666667,False
18,0,"A[4,9]|B[0,1,2,3,5,6,7,8,10,11]","A[1,2,3,4,6,7,9,11]|B[0,5,8,10]",0.5,0.5,False
18,1,"A[4,9]|B[0,1,2,3,5,6,7,8,10,11]","A[1,2,4,9]|B[0,3,5,6,7,8,10,11]",0.16666666666666666,0.8333333333333334,False
18,2,"A[2,5,6,7,8,10]|B[0,1,3,4,9,11]","A[5,8,10,11]|B[0,1,2,3,4,6,7,9]",0.3333333333333333,0.6666666666666667,False
18,3,"A[3,4]|B[0,1,2,5,6,7,8,9,10,11]","A[3,4,9]|B[0,1,2,5,6,7,8,10,11]",0.08333333333333333,0.9166666666666666,False
18,4,"A[2,5,6,7,8,10]|B[0,1,3,4,9,11]","A[1,2,3,6,7,11]|B[0,4,5,8,9,10]",0.5,0.5,False
18,5,"A[1,3,4,9,11]|B[0,2,5,6,7,8,10]","A[5,8,10]|B[0,1,2,3,4,6,7,9,11]",0.3333333333333333,0.6666666666666667,False
18,6,"A[3,4,7,9,11]|B[0,1,2,5,6,8,10]","A[5,8,10]|B[0,1,2,3,4,6,7,9,11]",0.3333333333333333,0.6666666666666667,False
18,7,"A[3,4,6,9,11]|B[0,1,2,5,7,8,10]","A[2,3,4,7,11]|B[0,1,5,6,8,9,10]",0.3333333333333333,0.6666666666666667,False
18,8,"A[1,3,4,7,9]|B[0,2,5,6,8,10,11]","A[2]|B[0,1,3,4,5,6,7,8,9,10,11]",0.5,0.5,False
18,9,"A[7,11]|B[0,1,2,3,4,5,6,8,9,10]","A[2,9]|B[0,1,3,4,5,6,7,8,10,11]",0.3333333333333333,0.6666666666666667,False
19,0,"A[2,4,5,7,9]|B[0,1,3,6,8,10,11]","A[1,4,5,6,9,11]|B[0,2,3,7,8,10]",0.4166666666666667,0.5833333333333333,False
19,1,"A[1,3,5,7,8,9,11]|B[0,2,4,6,10]","A[2,3,5,7,10]|B[0,1,4,6,8,9,11]",0.5,0.5,False
19,2,"A[2]|B[0,1,3,4,5,6,7,8,9,10,11]","A[1,4,5,9,11]|B[0,2,3,6,7,8,10]",0.5,0.5,False
19,3,"A[1,5,7,9,11]|B[0,2,3,4,6,8,10]","A[2,3,7,10]|B[0,1,4,5,6,8,9,11]",0.4166666666666667,0.5833333333333333,False
19,4,"A[1,2,4,5,7,9]|B[0,3,6,8,10,11]","A[1,3,4,5,6,9,11]|B[0,2,7,8,10]",0.4166666666666667,0.5833333333333333,False
19,5,"A[1,4,5,7,9]|B[0,2,3,6,8,10,11]","A[1,5,6,9,11]|B[0,2,3,4,7,8,10]",0.3333333333333333,0.6666666666666667,False
19,6,"A[1,2,4,5,7,9,11]|B[0,3,6,8,10]","A[2,3,7,10,11]|B[0,1,4,5,6,8,9]",0.5,0.5,False
19,7,"A[1,3,4,5,7,9,11]|B[0,2,6,8,10]","A[1,3,5,9,11]|B[0,2,4,6,7,8,10]",0.16666666666666666,0.8333333333333334,False
19,8,"A[3,11]|B[0,1,2,4,5,6,7,8,9,10]","A[5]|B[0,1,2,3,4,6,7,8,9,10,11]",0.25,0.75,False
19,9,"A[1,3,4,5,11]|B[0,2,6,7,8,9,10]","A[5]|B[0,1,2,3,4,6,7,8,9,10,11]",0.3333333333333333,0.6666666666666667,False
20,0,"A[2,3,4,6,9,10]|B[0,1,5,7,8,11]","A[3,4,7,10,11]|B[0,1,2,5,6,8,9]",0.4166666666666667,0.5833333333333333,False
20,1,"A[1,2,3,4,5,6,7,8,9,10]|B[0,11]","A[3,4,7,10,11]|B[0,1,2,5,6,8,9]",0.4166666666666667,0.5833333333333333,False
20,2,"A[2,3,4,7,9]|B[0,1,5,6,8,10,11]","A[4,7]|B[0,1,2,3,5,6,8,9,10,11]",0.25,0.75,False
20,3,"A[2,3,4,9]|B[0,1,5,6,7,8,10,11]","A[2,3,10,11]|B[0,1,4,5,6,7,8,9]",0.3333333333333333,0.6666666666666667,False
20,4,"A[2,3,4,9,11]|B[0,1,5,6,7,8,10]","A[1,2,3,5,7,8,10,11]|B[0,4,6,9]",0.4166666666666667,0.5833333333333333,False
20,5,"A[2,3,4,9]|B[0,1,5,6,7,8,10,11]","A[1,2,3,5,7,8,10]|B[0,4,6,9,11]",0.4166666666666667,0.5833333333333333,False
20,6,"A[11]|B[0,1,2,3,4,5,6,7,8,9,10]","A[3,4,7]|B[0,1,2,5,6,8,9,10,11]",0.3333333333333333,0.6666666666666667,False
20,7,"A[2,3,4,6,9,10]|B[0,1,5,7,8,11]","A[3,4,7]|B[0,1,2,5,6,8,9,10,11]",0.4166666666666667,0.5833333333333333,False
20,8,"A[2,3,4,9]|B[0,1,5,6,7,8,10,11]","A[1,2,3,4,5,7,8,10]|B[0,6,9,11]",0.5,0.5,False
20,9,"A[2,3,4,7,9]|B[0,1,5,6,8,10,11]","A[3,4,7,10,11]|B[0,1,2,5,6,8,9]",0.3333333333333333,0.6666666666666667,False
21,0,"A[4,9,10]|B[0,1,2,3,5,6,7,8,11]","A[4,6,11]|B[0,1,2,3,5,7,8,9,10]",0.3333333333333333,0.6666666666666667,False
21,1,"A[3,4,10]|B[0,1,2,5,6,7,8,9,11]","A[3,4,6,9,10,11]|B[0,1,2,5,7,8]",0.25,0.75,False
21,2,"A[1,4,10,11]|B[0,2,3,5,6,7,8,9]","A[3,4,6,9,10,11]|B[0,1,2,5,7,8]",0.3333333333333333,0.6666666666666667,False
21,3,"A[3,5,6,8,11]|B[0,1,2,4,7,9,10]","A[4,6,9,10]|B[0,1,2,3,5,7,8,11]",0.4166666666666667,0.5833333333333333,False
21,4,"A[9]|B[0,1,2,3,4,5,6,7,8,10,11]","A[3,4,9,11]|B[0,1,2,5,6,7,8,10]",0.25,0.75,False
21,5,"A[6]|B[0,1,2,3,4,5,7,8,9,10,11]","A[3,11]|B[0,1,2,4,5,6,7,8,9,10]",0.25,0.75,False
21,6,"A[6]|B[0,1,2,3,4,5,7,8,9,10,11]","A[4,6,9,10,11]|B[0,1,2,3,5,7,8]",0.3333333333333333,0.6666666666666667,False
21,7,"A[10]|B[0,1,2,3,4,5,6,7,8,9,11]","A[3,4,6,9,10,11]|B[0,1,2,5,7,8]",0.4166666666666667,0.5833333333333333,False
21,8,"A[3]|B[0,1,2,4,5,6,7,8,9,10,11]","A[3,4,6,9,10,11]|B[0,1,2,5,7,8]",0.4166666666666667,0.5833333333333333,False
21,9,"A[4,5,9,11]|B[0,1,2,3,6,7,8,10]","A[3,4,6,9,10,11]|B[0,1,2,5,7,8]",0.3333333333333333,0.6666666666666667,False
22,0,"A[10]|B[0,1,2,3,4,5,6,7,8,9,11]","A[1,2,6,8,9,10]|B[0,3,4,5,7,11]",0.4166666666666667,0.5833333333333333,False
22,1,"A[1,3,4,5,6,7,8,9,11]|B[0,2,10]","A[1,2,6,8,9,10,11]|B[0,3,4,5,7]",0.5,0.5,False
22,2,"A[2,10,11]|B[0,1,3,4,5,6,7,8,9]","A[2,6,8,9,10]|B[0,1,3,4,5,7,11]",0.3333333333333333,0.6666666666666667,False
22,3,"A[2,10]|B[0,1,3,4,5,6,7,8,9,11]","A[1,6,8,9,10,11]|B[0,2,3,4,5,7]",0.5,0.5,False
22,4,"A[2,3,7,8,9,10,11]|B[0,1,4,5,6]","A[1,2,6,8,9,10]|B[0,3,4,5,7,11]",0.4166666666666667,0.5833333333333333,False
22,5,"A[2,10]|B[0,1,3,4,5,6,7,8,9,11]","A[2,10,11]|B[0,1,3,4,5,6,7,8,9]",0.08333333333333333,0.9166666666666666,False
22,6,"A[9,10]|B[0,1,2,3,4,5,6,7,8,11]","A[2,9,11]|B[0,1,3,4,5,6,7,8,10]",0.25,0.75,False
22,7,"A[10]|B[0,1,2,3,4,5,6,7,8,9,11]","A[1,6,11]|B[0,2,3,4,5,7,8,9,10]",0.3333333333333333,0.6666666666666667,False
22,8,"A[10]|B[0,1,2,3,4,5,6,7,8,9,11]","A[1,2,6,8,9,10]|B[0,3,4,5,7,11]",0.4166666666666667,0.5833333333333333,False
22,9,"A[10]|B[0,1,2,3,4,5,6,7,8,9,11]","A[6,8,9,10,11]|B[0,1,2,3,4,5,7]",0.3333333333333333,0.6666666666666667,False
23,0,"A[1,3,4,5,6,7,8,9]|B[0,2,10,11]","A[3,8,10]|B[0,1,2,4,5,6,7,9,11]",0.4166666666666667,0.5833333333333333,False
23,1,"A[1,10,11]|B[0,2,3,4,5,6,7,8,9]","A[3,4,5,8,9,10]|B[0,1,2,6,7,11]",0.4166666666666667,0.5833333333333333,False
23,2,"A[3,5,6,7,8,9]|B[0,1,2,4,10,11]","A[3,5,9,10]|B[0,1,2,4,6,7,8,11]",0.3333333333333333,0.6666666666666667,False
23,3,"A[2,10,11]|B[0,1,3,4,5,6,7,8,9]","A[2,3,4,5,8,9,10]|B[0,1,6,7,11]",0.5,0.5,False
23,4,"A[3,5,6,7,8]|B[0,1,2,4,9,10,11]","A[4,5,6,7,8,9]|B[0,1,2,3,10,11]",0.25,0.75,False
23,5,"A[2,11]|B[0,1,3,4,5,6,7,8,9,10]","A[3,6,7,8,10]|B[0,1,2,4,5,9,11]",0.4166666666666667,0.5833333333333333,False
23,6,"A[1,3,5,6,7,8]|B[0,2,4,9,10,11]","A[5,8,9]|B[0,1,2,3,4,6,7,10,11]",0.4166666666666667,0.5833333333333333,False
23,7,"A[2,3,5,6,7,8,11]|B[0,1,4,9,10]","A[2]|B[0,1,3,4,5,6,7,8,9,10,11]",0.5,0.5,False
23,8,"A[2,10,11]|B[0,1,3,4,5,6,7,8,9]","A[4,5,8,9,10]|B[0,1,2,3,6,7,11]",0.5,0.5,False
23,9,"A[2,3,4,7,8,9,10,11]|B[0,1,5,6]","A[3,4,5,8,9]|B[0,1,2,6,7,10,11]",0.4166666666666667,0.5833333333333333,False
24,0,"A[3]|B[0,1,2,4,5,6,7,8,9,10,11]","A[1,2,4,6,9,10]|B[0,3,5,7,8,11]",0.4166666666666667,0.5833333333333333,False
24,1,"A[1,7,8,10,11]|B[0,2,3,4,5,6,9]","A[1,2,4,6,7,9,10]|B[0,3,5,8,11]",0.5,0.5,False
24,2,"A[2,4,5,7,11]|B[0,1,3,6,8,9,10]","A[6,10]|B[0,1,2,3,4,5,7,8,9,11]",0.4166666666666667,0.5833333333333333,False
24,3,"A[1,2,4,5,6,8,9,10]|B[0,3,7,11]","A[1,2,3,4,7,8,9,11]|B[0,5,6,10]",0.5,0.5,False
24,4,"A[3]|B[0,1,2,4,5,6,7,8,9,10,11]","A[1,2,3,4,7,8,9,11]|B[0,5,6,10]",0.4166666666666667,0.5833333333333333,False
24,5,"A[1,6,8,9,10,11]|B[0,2,3,4,5,7]","A[1,2,4,5,7,9]|B[0,3,6,8,10,11]",0.3333333333333333,0.6666666666666667,False
24,6,"A[2,3,4,5,7]|B[0,1,6,8,9,10,11]","A[1,2,4,6,7,9]|B[0,3,5,8,10,11]",0.4166666666666667,0.5833333333333333,False
24,7,"A[3,11]|B[0,1,2,4,5,6,7,8,9,10]","A[1,2,3,4,6,7,9,10]|B[0,5,8,11]",0.3333333333333333,0.6666666666666667,False
24,8,"A[1,2,3,4,5,6,8,9,10,11]|B[0,7]","A[1,2,4,5,6,7,8,9,10,11]|B[0,3]",0.16666666666666666,0.8333333333333334,False
24,9,"A[1,4,9,10]|B[0,2,3,5,6,7,8,11]","A[1,2,4,7,8,9,11]|B[0,3,5,6,10]",0.4166666666666667,0.5833333333333333,False
25,0,"A[1,2,5,6,8]|B[0,3,4,7,9,10,11]","A[3,6]|B[0,1,2,4,5,7,8,9,10,11]",0.4166666666666667,0.5833333333333333,False
25,1,"A[2,6]|B[0,1,3,4,5,7,8,9,10,11]","A[1,2,4,6,7,8,9,10]|B[0,3,5,11]",0.5,0.5,False
25,2,"A[2,3,4,6,7]|B[0,1,5,8,9,10,11]","A[1,2,4,7,8,9,10]|B[0,3,5,6,11]",0.5,0.5,False
25,3,"A[11]|B[0,1,2,3,4,5,6,7,8,9,10]","A[1,2,3,4,6,7,8,9,10,11]|B[0,5]",0.25,0.75,False
25,4,"A[2,3,4,6,7,9]|B[0,1,5,8,10,11]","A[1,2,3,4,6,7,8,9,10,11]|B[0,5]",0.3333333333333333,0.6666666666666667,False
25,5,"A[2,3,6,7,11]|B[0,1,4,5,8,9,10]","A[1,2,3,4,6,7,8,9,10,11]|B[0,5]",0.4166666666666667,0.5833333333333333,False
25,6,"A[1,2,5]|B[0,3,4,6,7,8,9,10,11]","A[1,2,4,7,8,9,10,11]|B[0,3,5,6]",0.4166666666666667,0.5833333333333333,False
25,7,"A[1,3,5,9]|B[0,2,4,6,7,8,10,11]","A[1,2,3,7,8,9,10,11]|B[0,4,5,6]",0.5,0.5,False
25,8,"A[2]|B[0,1,3,4,5,6,7,8,9,10,11]","A[1,2,3,4,6,7,8,9,10,11]|B[0,5]",0.25,0.75,False
25,9,"A[5,8,9,10,11]|B[0,1,2,3,4,6,7]","A[1,2,4,5,6,7,8,9,10]|B[0,3,11]",0.5,0.5,False
26,0,"A[4,7,10,11]|B[0,1,2,3,5,6,8,9]","A[2,3,4,6,7,8,9,10,11]|B[0,1,5]",0.4166666666666667,0.5833333333333333,False
26,1,"A[4,7,10,11]|B[0,1,2,3,5,6,8,9]","A[4,6,7,8,9,10,11]|B[0,1,2,3,5]",0.25,0.75,False
26,2,"A[4,7,10,11]|B[0,1,2,3,5,6,8,9]","A[1,2,3]|B[0,4,5,6,7,8,9,10,11]",0.4166666666666667,0.5833333333333333,False
26,3,"A[1,2,3,5,6,8,9]|B[0,4,7,10,11]","A[2,3,4,7,10,11]|B[0,1,5,6,8,9]",0.25,0.75,False
26,4,"A[2,6]|B[0,1,3,4,5,7,8,9,10,11]","A[1,3]|B[0,2,4,5,6,7,8,9,10,11]",0.3333333333333333,0.6666666666666667,False
26,5,"A[4,7,10,11]|B[0,1,2,3,5,6,8,9]","A[2,3,4,6,7,8,9,10,11]|B[0,1,5]",0.4166666666666667,0.5833333333333333,False
26,6,"A[4,7,10,11]|B[0,1,2,3,5,6,8,9]","A[1]|B[0,2,3,4,5,6,7,8,9,10,11]",0.4166666666666667,0.5833333333333333,False
26,7,"A[4,7,10,11]|B[0,1,2,3,5,6,8,9]","A[4,6,7,8,9,10,11]|B[0,1,2,3,5]",0.25,0.75,False
26,8,"A[2,3,5,6,8,9]|B[0,1,4,7,10,11]","A[1]|B[0,2,3,4,5,6,7,8,9,10,11]",0.4166666666666667,0.5833333333333333,False
26,9,"A[4,7,10]|B[0,1,2,3,5,6,8,9,11]","A[4,7,9,10,11]|B[0,1,2,3,5,6,8]",0.16666666666666666,0.8333333333333334,False
27,0,"A[2,6,8,11]|B[0,1,3,4,5,7,9,10]","A[7]|B[0,1,2,3,4,5,6,8,9,10,11]",0.4166666666666667,0.5833333333333333,False
27,1,"A[1,7,10]|B[0,2,3,4,5,6,8,9,11]","A[7]|B[0,1,2,3,4,5,6,8,9,10,11]",0.16666666666666666,0.8333333333333334,False
27,2,"A[1,2,3,4,6,7,10,11]|B[0,5,8,9]","A[7]|B[0,1,2,3,4,5,6,8,9,10,11]",0.4166666666666667,0.5833333333333333,False
27,3,"A[4]|B[0,1,2,3,5,6,7,8,9,10,11]","A[7]|B[0,1,2,3,4,5,6,8,9,10,11]",0.16666666666666666,0.8333333333333334,False
27,4,"A[2,3,5,6,7,11]|B[0,1,4,8,9,10]","A[7]|B[0,1,2,3,4,5,6,8,9,10,11]",0.4166666666666667,0.5833333333333333,False
27,5,"A[2,6,11]|B[0,1,3,4,5,7,8,9,10]","A[7]|B[0,1,2,3,4,5,6,8,9,10,11]",0.3333333333333333,0.6666666666666667,False
27,6,"A[4]|B[0,1,2,3,5,6,7,8,9,10,11]","A[7,8]|B[0,1,2,3,4,5,6,9,10,11]",0.25,0.75,False
27,7,"A[2,3,6,11]|B[0,1,4,5,7,8,9,10]","A[1,2,3,4,5,6,8,9,10,11]|B[0,7]",0.5,0.5,False
27,8,"A[2,3,6,11]|B[0,1,4,5,7,8,9,10]","A[7]|B[0,1,2,3,4,5,6,8,9,10,11]",0.4166666666666667,0.5833333333333333,False
27,9,"A[2,3,4,6,11]|B[0,1,5,7,8,9,10]","A[7]|B[0,1,2,3,4,5,6,8,9,10,11]",0.5,0.5,False
28,0,"A[1,2,3,4,5,6,7]|B[0,8,9,10,11]","A[1,3,4,8,9]|B[0,2,5,6,7,10,11]",0.5,0.5,False
28,1,"A[1,2,3,8]|B[0,4,5,6,7,9,10,11]","A[5,7,11]|B[0,1,2,3,4,6,8,9,10]",0.4166666666666667,0.5833333333333333,False
28,2,"A[1,2,3,4,5,6,7,9,11]|B[0,8,10]","A[6,7,11]|B[0,1,2,3,4,5,8,9,10]",0.5,0.5,False
28,3,"A[1,2,3,4,5,6,7,9,11]|B[0,8,10]","A[1,3,4,8,9,11]|B[0,2,5,6,7,10]",0.4166666666666667,0.5833333333333333,False
28,4,"A[1,2,3,4,5,6,7,9,11]|B[0,8,10]","A[2,4,6,7,11]|B[0,1,3,5,8,9,10]",0.3333333333333333,0.6666666666666667,False
28,5,"A[1,2,3,4,5,6,7,9,11]|B[0,8,10]","A[1,2,3,4,8,10]|B[0,5,6,7,9,11]",0.4166666666666667,0.5833333333333333,False
28,6,"A[6,7]|B[0,1,2,3,4,5,8,9,10,11]","A[3,8,9]|B[0,1,2,4,5,6,7,10,11]",0.4166666666666667,0.5833333333333333,False
28,7,"A[4,5,6,7,9,11]|B[0,1,2,3,8,10]","A[3,8]|B[0,1,2,4,5,6,7,9,10,11]",0.3333333333333333,0.6666666666666667,False
28,8,"A[1,2,3,4,5,6,7,9,11]|B[0,8,10]","A[1,2,4,5,6,7,10,11]|B[0,3,8,9]",0.25,0.75,False
28,9,"A[1,9,11]|B[0,2,3,4,5,6,7,8,10]","A[1,2,3,4,6,7,8,9,11]|B[0,5,10]",0.5,0.5,False
29,0,"A[1,2,3,5,6,7,8,9,10]|B[0,4,11]","A[1,4,11]|B[0,2,3,5,6,7,8,9,10]",0.16666666666666666,0.8333333333333334,False
29,1,"A[5]|B[0,1,2,3,4,6,7,8,9,10,11]","A[1,4,9,11]|B[0,2,3,5,6,7,8,10]",0.4166666666666667,0.5833333333333333,False
29,2,"A[1,2,6,7,9,10]|B[0,3,4,5,8,11]","A[1,2,3,4,5,9,11]|B[0,6,7,8,10]",0.4166666666666667,0.5833333333333333,False
29,3,"A[2,6,9]|B[0,1,3,4,5,7,8,10,11]","A[1,2,4,5,9,11]|B[0,3,6,7,8,10]",0.4166666666666667,0.5833333333333333,False
29,4,"A[4]|B[0,1,2,3,5,6,7,8,9,10,11]","A[1,4,8,9,11]|B[0,2,3,5,6,7,10]",0.3333333333333333,0.6666666666666667,False
29,5,"A[1,5,6,7]|B[0,2,3,4,8,9,10,11]","A[11]|B[0,1,2,3,4,5,6,7,8,9,10]",0.4166666666666667,0.5833333333333333,False
29,6,"A[5,6]|B[0,1,2,3,4,7,8,9,10,11]","A[7,8]|B[0,1,2,3,4,5,6,9,10,11]",0.3333333333333333,0.6666666666666667,False
29,7,"A[2,3,6,8]|B[0,1,4,5,7,9,10,11]","A[7,8,11]|B[0,1,2,3,4,5,6,9,10]",0.4166666666666667,0.5833333333333333,False
29,8,"A[1,2,3,5,6,7,8,9,10,11]|B[0,4]","A[1,2,4,5,9,11]|B[0,3,6,7,8,10]",0.5,0.5,False
29,9,"A[2,4,5,6,7,9,11]|B[0,1,3,8,10]","A[1,4,7,8,9,11]|B[0,2,3,5,6,10]",0.4166666666666667,0.5833333333333333,False
30,0,"A[1,8,10,11]|B[0,2,3,4,5,6,7,9]","A[1,2,4,5,6,8,9,10,11]|B[0,3,7]",0.4166666666666667,0.5833333333333333,False
30,1,"A[2,3,5,8,9,11]|B[0,1,4,6,7,10]","A[2,4,5,6,7,9,10,11]|B[0,1,3,8]",0.5,0.5,False
30,2,"A[1,2,4]|B[0,3,5,6,7,8,9,10,11]","A[1,3,7,8]|B[0,2,4,5,6,9,10,11]",0.4166666666666667,0.5833333333333333,False
30,3,"A[3,4,5,6,7,8,9]|B[0,1,2,10,11]","A[1,3,8]|B[0,2,4,5,6,7,9,10,11]",0.5,0.5,False
30,4,"A[2]|B[0,1,3,4,5,6,7,8,9,10,11]","A[1,3,8]|B[0,2,4,5,6,7,9,10,11]",0.3333333333333333,0.6666666666666667,False
30,5,"A[8]|B[0,1,2,3,4,5,6,7,9,10,11]","A[7]|B[0,1,2,3,4,5,6,8,9,10,11]",0.16666666666666666,0.8333333333333334,False
30,6,"A[2]|B[0,1,3,4,5,6,7,8,9,10,11]","A[1,8]|B[0,2,3,4,5,6,7,9,10,11]",0.25,0.75,False
30,7,"A[2,9]|B[0,1,3,4,5,6,7,8,10,11]","A[1,3,4,8]|B[0,2,5,6,7,9,10,11]",0.5,0.5,False
30,8,"A[1,2,4,6,10]|B[0,3,5,7,8,9,11]","A[2,5,6,10]|B[0,1,3,4,7,8,9,11]",0.25,0.75,False
30,9,"A[2]|B[0,1,3,4,5,6,7,8,9,10,11]","A[2,5,6,9,10]|B[0,1,3,4,7,8,11]",0.3333333333333333,0.6666666666666667,False
