seed,episode,condition,shared_partition_signature,shared_partition_n1,shared_partition_n2,phi_r_g,group_decoupling_g,group_downward_g,group_part_driven_g
1,0,coupled,"A[1,3,4,6,7,8,10]|B[0,2,5,9,11]",7,5,1.607996278359195,-0.9451160859232122,2.4908013544768988,0.10127751658526774
1,0,default,"A[1,3,4,6,7,8,10]|B[0,2,5,9,11]",7,5,2.0003392470760017,0.535503080866925,1.3835350592180362,0.04493527536507225
1,1,coupled,"A[3,5,7,8,10]|B[0,1,2,4,6,9,11]",5,7,2.0590928684286474,-1.192174731904962,3.380751218914371,0.11800805721596075
1,1,default,"A[3,5,7,8,10]|B[0,1,2,4,6,9,11]",5,7,1.8537599811188636,0.7131661241148608,1.0071463715766336,0.09072449253953585
1,2,coupled,"A[2,9]|B[0,1,3,4,5,6,7,8,10,11]",2,10,2.142851152313896,0.4948954252001192,1.7602859791359813,0.16892176443833218
1,2,default,"A[2,9]|B[0,1,3,4,5,6,7,8,10,11]",2,10,2.590655338640043,1.6115233436028777,0.9816484736824447,-0.044361694979045074
1,3,coupled,"A[1,3,4,6,8]|B[0,2,5,7,9,10,11]",5,7,2.608675133344905,-1.241297170133997,3.6017503956688217,0.277426560234429
1,3,default,"A[1,3,4,6,8]|B[0,2,5,7,9,10,11]",5,7,1.846212132039651,0.8930790695066184,0.8973934246988691,0.05876530091115506
1,4,coupled,"A[1,3,4,6,7,8,10]|B[0,2,5,9,11]",7,5,1.9107820058107856,-0.9780359753190186,2.7959344102502746,0.09091505035661296
1,4,default,"A[1,3,4,6,7,8,10]|B[0,2,5,9,11]",7,5,2.319206192180904,-0.14599984652967546,2.4128205767759683,0.018944638233222788
1,5,coupled,"A[1,2,4,6]|B[0,3,5,7,8,9,10,11]",4,8,2.168065319284901,-0.7909787054209216,2.912304294928042,0.026059118173020313
1,5,default,"A[1,2,4,6]|B[0,3,5,7,8,9,10,11]",4,8,2.656246175335942,0.04174432255891514,2.4763265706434883,0.0824969524597563
1,6,coupled,"A[2,9,11]|B[0,1,3,4,5,6,7,8,10]",3,9,1.9300881801075493,-0.0010305499785490113,1.8644968713957448,0.07420843061833704
1,6,default,"A[2,9,11]|B[0,1,3,4,5,6,7,8,10]",3,9,2.0662167795424864,1.247577407551136,0.8073739867523742,0.052392698116403125
1,7,coupled,"A[1,3,4,6,7,8,10]|B[0,2,5,9,11]",7,5,1.9085913644174965,-1.025990321177665,3.0070440666970946,0.12791641373553508
1,7,default,"A[1,3,4,6,7,8,10]|B[0,2,5,9,11]",7,5,2.434983169413666,0.28323184771249466,2.1139924393114162,0.01639154105452345
1,8,coupled,"A[1,3,4,5,6,7,8,10]|B[0,2,9,11]",8,4,2.0366135305467092,-0.5274785155565151,2.4279787646953244,0.03329625822990545
1,8,default,"A[1,3,4,5,6,7,8,10]|B[0,2,9,11]",8,4,2.444144663416146,0.7401545499246609,1.586235790760165,0.050856134556021004
1,9,coupled,"A[1,3,4,5,6,7,8,10]|B[0,2,9,11]",8,4,1.867976741192751,-0.6163823482896902,2.396795171578008,0.08503882339325353
1,9,default,"A[1,3,4,5,6,7,8,10]|B[0,2,9,11]",8,4,1.8554172889385527,0.852314991892777,0.8883547968289619,0.07490549907506194
2,0,coupled,"A[1,2,4,6,7,8,9]|B[0,3,5,10,11]",7,5,1.2302154206833105,-0.7474905101310374,1.8306008490027008,0.06932514096589992
2,0,default,"A[1,2,4,6,7,8,9]|B[0,3,5,10,11]",7,5,1.667987695239355,-0.7977616803212566,2.245075352545898,0.072921992087982
2,1,coupled,"A[3,5,10,11]|B[0,1,2,4,6,7,8,9]",4,8,2.0244082550123297,-0.22575918522388783,2.139323622415845,0.07503957567574338
2,1,default,"A[3,5,10,11]|B[0,1,2,4,6,7,8,9]",4,8,1.5187048103775675,-0.2390987694497193,1.5971876019531623,0.04236240032580274
2,2,coupled,"A[1,2,4,6,7,8,9]|B[0,3,5,10,11]",7,5,2.0130377629804252,-0.6842260373859066,2.613739507208078,0.10155320338558238
2,2,default,"A[1,2,4,6,7,8,9]|B[0,3,5,10,11]",7,5,2.003982067373608,0.09983304604243148,1.868494028597332,0.041116016060399496
2,3,coupled,"A[1,2,4,6,7,8,9]|B[0,3,5,10,11]",7,5,1.4318562327972297,0.30880487829535674,0.9912165714664574,0.04313030086970282
2,3,default,"A[1,2,4,6,7,8,9]|B[0,3,5,10,11]",7,5,1.633659547758696,1.009275157114324,0.5214279711310841,0.07807910814577346
2,4,coupled,"A[1,3,5,6,10,11]|B[0,2,4,7,8,9]",6,6,1.80654579412585,-0.47964719447285864,2.1468085276015287,0.0196723008836881
2,4,default,"A[1,3,5,6,10,11]|B[0,2,4,7,8,9]",6,6,1.693127643300061,0.3295693228513814,1.2917648976289997,0.0427459900077809
2,5,coupled,"A[1,2,4,6,7,8,9]|B[0,3,5,10,11]",7,5,1.5775642217080852,-0.8960288134792598,2.395950028915613,0.07086286863931957
2,5,default,"A[1,2,4,6,7,8,9]|B[0,3,5,10,11]",7,5,2.0865377406270134,0.4863742368189228,1.4134035348930003,0.05117988726845091
2,6,coupled,"A[3,5,6,10]|B[0,1,2,4,7,8,9,11]",4,8,2.3435605980787737,-0.9500828103138286,3.2667930342831686,0.10364627246282043
2,6,default,"A[3,5,6,10]|B[0,1,2,4,7,8,9,11]",4,8,2.294794639529656,1.2243563914222282,0.9919868553028605,0.035775601049458094
2,7,coupled,"A[1,2,4,6,7,8,9]|B[0,3,5,10,11]",7,5,1.5675790940895649,0.29753558113906386,1.2243889445796563,0.07141145102992064
2,7,default,"A[1,2,4,6,7,8,9]|B[0,3,5,10,11]",7,5,1.6290984644324145,-0.04129234765255685,1.6208245016136908,0.012559152384596706
2,8,coupled,"A[1,3,5,10,11]|B[0,2,4,6,7,8,9]",5,7,2.085934276935385,-1.5194636728832966,3.604087423394475,0.08907776359421904
2,8,default,"A[1,3,5,10,11]|B[0,2,4,6,7,8,9]",5,7,2.225257768127898,0.5557604458298697,1.6017529388172262,0.02084794976446891
2,9,coupled,"A[1,2,4,6,7,8,9]|B[0,3,5,10,11]",7,5,1.6970550553314032,-0.9766317520984487,2.676262892993243,0.01439851290826688
2,9,default,"A[1,2,4,6,7,8,9]|B[0,3,5,10,11]",7,5,1.967185254395768,-0.345240490580057,2.2253747120719467,0.013650690336259208
3,0,coupled,"A[2,5]|B[0,1,3,4,6,7,8,9,10,11]",2,10,2.2758047345292702,2.0520202474836298,0.19181541261176083,0.01936218974940207
3,0,default,"A[2,5]|B[0,1,3,4,6,7,8,9,10,11]",2,10,1.4925225791653949,0.7072565669479149,0.7392045470692274,0.010047312813047604
3,1,coupled,"A[2,3,5,10]|B[0,1,4,6,7,8,9,11]",4,8,1.689275110834595,1.1598093030346908,0.4929457041563843,0.1033723952480945
3,1,default,"A[2,3,5,10]|B[0,1,4,6,7,8,9,11]",4,8,1.8048673898138834,0.09502760758697093,1.6075395529032055,0.062029497046777626
3,2,coupled,"A[5]|B[0,1,2,3,4,6,7,8,9,10,11]",1,11,2.0247438169004344,1.6066904881827702,0.40596242995718335,0.0490313669206921
3,2,default,"A[5]|B[0,1,2,3,4,6,7,8,9,10,11]",1,11,1.7967872613734075,0.32678018571185596,1.4110373613014735,0.07278163318580888
3,3,coupled,"A[5]|B[0,1,2,3,4,6,7,8,9,10,11]",1,11,2.1598160858001214,1.2327065294318067,0.8454002769142982,0.05428785675305747
3,3,default,"A[5]|B[0,1,2,3,4,6,7,8,9,10,11]",1,11,2.2252532277372423,0.5819653142995396,1.5577262034187538,0.17418825676340277
3,4,coupled,"A[2,3,5]|B[0,1,4,6,7,8,9,10,11]",3,9,1.954082799947439,0.6872274982046491,1.1105730867013266,0.15881326459653988
3,4,default,"A[2,3,5]|B[0,1,4,6,7,8,9,10,11]",3,9,1.521605402864712,0.5624968528551757,0.9074587681336572,0.05541498487983043
3,5,coupled,"A[5]|B[0,1,2,3,4,6,7,8,9,10,11]",1,11,3.038999708804345,2.1969523848159813,0.8227728046668319,0.03748615105422859
3,5,default,"A[5]|B[0,1,2,3,4,6,7,8,9,10,11]",1,11,1.7406331692688604,0.6620229960635995,1.0527434432394194,0.008155166415998893
3,6,coupled,"A[2,3,5,6]|B[0,1,4,7,8,9,10,11]",4,8,1.9164506031061752,0.7704169982154192,1.062065058565861,0.030080576312000007
3,6,default,"A[2,3,5,6]|B[0,1,4,7,8,9,10,11]",4,8,1.768097806013224,-0.4553557471302767,2.171806879532789,0.07504810566089981
3,7,coupled,"A[5]|B[0,1,2,3,4,6,7,8,9,10,11]",1,11,1.6673661839783973,1.1608307053738343,0.4791775990852496,0.016151190645995905
3,7,default,"A[5]|B[0,1,2,3,4,6,7,8,9,10,11]",1,11,1.8732286262772098,0.22641315539529128,1.6148249794081624,0.04166761164257471
3,8,coupled,"A[2,5]|B[0,1,3,4,6,7,8,9,10,11]",2,10,1.777741027734095,1.2226742657265035,0.5149297686568701,0.014128589565511218
3,8,default,"A[2,5]|B[0,1,3,4,6,7,8,9,10,11]",2,10,1.666164401434155,0.6614843246361746,0.9327301960052019,0.09619650417529968
3,9,coupled,"A[5]|B[0,1,2,3,4,6,7,8,9,10,11]",1,11,2.182056360368418,1.5226540807097626,0.604146680385031,0.05857319233550773
3,9,default,"A[5]|B[0,1,2,3,4,6,7,8,9,10,11]",1,11,2.225441003490322,0.9034554696479318,1.300399845740036,0.034627469269435274
4,0,coupled,"A[1,2,5,6,7,8,11]|B[0,3,4,9,10]",7,5,2.1345817758620633,-0.30024989861132934,2.345778510816621,0.04223867957241678
4,0,default,"A[1,2,5,6,7,8,11]|B[0,3,4,9,10]",7,5,1.854229227993681,-0.08941708333295129,1.886367996420321,0.03872746850903219
4,1,coupled,"A[3,4,7,9,10]|B[0,1,2,5,6,8,11]",5,7,2.2839890511780077,-1.1088672582180372,3.3044522727235295,0.09451042710217239
4,1,default,"A[3,4,7,9,10]|B[0,1,2,5,6,8,11]",5,7,2.3138194442398023,-0.6559748968251409,2.9692410461080483,0.05881448196166916
4,2,coupled,"A[1,2,5,6,7,8,11]|B[0,3,4,9,10]",7,5,2.065840961412771,-0.9898179851577673,3.0397563309318487,0.09907702565345278
4,2,default,"A[1,2,5,6,7,8,11]|B[0,3,4,9,10]",7,5,2.1645512839502095,-0.6253125825791348,2.7832114991725847,0.05519988822698729
4,3,coupled,"A[3,4,6,9,10]|B[0,1,2,5,7,8,11]",5,7,1.7874043633094137,-0.42755172832191635,2.160827144584564,0.15777738716410328
4,3,default,"A[3,4,6,9,10]|B[0,1,2,5,7,8,11]",5,7,2.3587296909064617,-0.5849519056032633,2.7964365886014866,0.08322244622893926
4,4,coupled,"A[1,2,5,6,7,8,11]|B[0,3,4,9,10]",7,5,2.496634360578044,-0.27832820344394715,2.6286817706127286,0.09650003445652833
4,4,default,"A[1,2,5,6,7,8,11]|B[0,3,4,9,10]",7,5,2.103274799550543,-0.6876932742746567,2.7099596860982467,0.03739938906710183
4,5,coupled,"A[1,2,5,6,7,8,11]|B[0,3,4,9,10]",7,5,2.032625292013953,-0.2273147330452412,2.186615681608293,0.0657501423521798
4,5,default,"A[1,2,5,6,7,8,11]|B[0,3,4,9,10]",7,5,2.432688415891438,-0.6184709168657507,2.973467001618265,0.055946370650184596
4,6,coupled,"A[2,5,6,8,11]|B[0,1,3,4,7,9,10]",5,7,1.935896510124468,-0.6722077983573449,2.661019355619522,0.03712614602621467
4,6,default,"A[2,5,6,8,11]|B[0,1,3,4,7,9,10]",5,7,2.4556528652344607,-0.24251185919301932,2.590302948013837,0.09917889283831838
4,7,coupled,"A[1,2,5,6,7,8,11]|B[0,3,4,9,10]",7,5,2.285742063760586,-1.265073159159817,3.508095419385853,0.12407043810126872
4,7,default,"A[1,2,5,6,7,8,11]|B[0,3,4,9,10]",7,5,2.218227289740117,-0.30805070284383973,2.3880740055232232,0.052010767342382636
4,8,coupled,"A[1,2,5,7,8,11]|B[0,3,4,6,9,10]",6,6,3.2104110491194713,-0.9201011732990292,3.8456615633434534,0.3219713378228053
4,8,default,"A[1,2,5,7,8,11]|B[0,3,4,6,9,10]",6,6,1.7895861124645762,-1.2201896887702341,2.9867366144563907,0.0993893198237541
4,9,coupled,"A[1,2,5,6,8,10,11]|B[0,3,4,7,9]",7,5,2.1188407296521876,-0.5756153913274087,2.571992863429146,0.1229939166788585
4,9,default,"A[1,2,5,6,8,10,11]|B[0,3,4,7,9]",7,5,2.094248015814429,0.014423984668321843,2.095499185700651,0.03376017876929149
5,0,coupled,"A[1,2,3,4,5,8,9,10,11]|B[0,6,7]",9,3,2.520380039071566,0.3244134431946808,2.1209642378369065,0.04024057347531218
5,0,default,"A[1,2,3,4,5,8,9,10,11]|B[0,6,7]",9,3,1.92519234750492,0.2664805205457128,1.6219695054794245,0.061924375837429046
5,1,coupled,"A[1,2,3,7,8,9,10,11]|B[0,4,5,6]",8,4,1.9636720704793151,0.9061422031308557,0.9113320587238121,0.11864692371871377
5,1,default,"A[1,2,3,7,8,9,10,11]|B[0,4,5,6]",8,4,2.5703154780587116,1.0946002209376262,1.3916240747159567,0.049997420302993256
5,2,coupled,"A[7,9]|B[0,1,2,3,4,5,6,8,10,11]",2,10,2.1275711872012453,-0.4413826188518195,2.5114126531703365,0.05075944811600719
5,2,default,"A[7,9]|B[0,1,2,3,4,5,6,8,10,11]",2,10,1.9601351540331844,0.7290023905083598,1.2096453048279336,0.05287872939633931
5,3,coupled,"A[1,7,9]|B[0,2,3,4,5,6,8,10,11]",3,9,1.720835453525833,-0.460098220409769,2.039334635131751,0.16520599503777467
5,3,default,"A[1,7,9]|B[0,2,3,4,5,6,8,10,11]",3,9,2.322493223444498,-0.39602604356144777,2.653319313130365,0.09683464682473275
5,4,coupled,"A[1,2,3,5,6,8,9,10,11]|B[0,4,7]",9,3,2.9231939218375382,-0.93098241538355,3.5874088091887697,0.34271126150223896
5,4,default,"A[1,2,3,5,6,8,9,10,11]|B[0,4,7]",9,3,2.462654664639695,0.25988200807313255,2.1116185464138657,0.2406647043565835
5,5,coupled,"A[3,7,8,9,10]|B[0,1,2,4,5,6,11]",5,7,2.5194204772729076,3.338940365704701e-05,2.3551561200206517,0.12011666952992928
5,5,default,"A[3,7,8,9,10]|B[0,1,2,4,5,6,11]",5,7,2.3081714130085014,-0.9846665194664102,3.153708760240565,0.04368420130208239
5,6,coupled,"A[1,2,3,4,5,6,8,9,10,11]|B[0,7]",10,2,2.098183453336564,0.1533325703727204,1.8863953488947511,0.11727354929344114
5,6,default,"A[1,2,3,4,5,6,8,9,10,11]|B[0,7]",10,2,2.6128174491986282,0.705469900446297,1.7625565797271119,0.14781262217659163
5,7,coupled,"A[1,7,9]|B[0,2,3,4,5,6,8,10,11]",3,9,2.3825901141264634,0.03229712484118785,2.239793959612707,0.11635609176021044
5,7,default,"A[1,7,9]|B[0,2,3,4,5,6,8,10,11]",3,9,2.001651917391881,-0.10293034932651413,1.9822492932842823,0.0750625627000221
5,8,coupled,"A[7]|B[0,1,2,3,4,5,6,8,9,10,11]",1,11,1.9783652579827056,0.5282909015120878,1.455317405902719,-0.05821881406415641
5,8,default,"A[7]|B[0,1,2,3,4,5,6,8,9,10,11]",1,11,1.8392355358532004,0.29705297265924635,1.4713540372209557,0.06595587777077205
5,9,coupled,"A[1,7,9]|B[0,2,3,4,5,6,8,10,11]",3,9,2.0609716512065317,0.6205112581471948,1.31296578535393,0.1300114147360678
5,9,default,"A[1,7,9]|B[0,2,3,4,5,6,8,10,11]",3,9,2.6212234049348333,0.6120593303352102,1.859068263853002,0.0532880950289506
6,0,coupled,"A[4,6,7,11]|B[0,1,2,3,5,8,9,10]",4,8,2.1301455042543123,-0.46939339717453077,2.570653305568606,0.0437280747884754
6,0,default,"A[4,6,7,11]|B[0,1,2,3,5,8,9,10]",4,8,1.89178513325197,-0.8945136814232928,2.812731226663028,0.08326267387729613
6,1,coupled,"A[6,7,11]|B[0,1,2,3,4,5,8,9,10]",3,9,2.237474548014994,0.12374471768175521,2.0367722365475736,0.20127619686695863
6,1,default,"A[6,7,11]|B[0,1,2,3,4,5,8,9,10]",3,9,1.5416008827703167,-0.9658593854620929,2.5837284055491545,0.028293862337098075
6,2,coupled,"A[4,6,7,11]|B[0,1,2,3,5,8,9,10]",4,8,1.8624971132312989,-0.595910339872999,2.465346544423719,0.048192702663292675
6,2,default,"A[4,6,7,11]|B[0,1,2,3,5,8,9,10]",4,8,2.1057175416215483,-1.0510115733643541,3.1651084474468965,0.13736244693112099
6,3,coupled,"A[4,6,7,11]|B[0,1,2,3,5,8,9,10]",4,8,2.0664811149202116,-1.0206405658068105,2.9985634549576847,0.0967570085283842
6,3,default,"A[4,6,7,11]|B[0,1,2,3,5,8,9,10]",4,8,1.4895701580173668,-0.5763828018139847,2.145043573859919,0.08032939285904561
6,4,coupled,"A[6,7,11]|B[0,1,2,3,4,5,8,9,10]",3,9,1.602019260571211,-0.5168069246914233,1.9775921467301951,0.06860027506092536
6,4,default,"A[6,7,11]|B[0,1,2,3,4,5,8,9,10]",3,9,1.621805760760211,-1.0538980702102454,2.6231433833712563,0.08629907158329186
6,5,coupled,"A[6,7,11]|B[0,1,2,3,4,5,8,9,10]",3,9,1.9007161498687477,-0.17763929527035227,1.9713161009822588,0.10353266545832152
6,5,default,"A[6,7,11]|B[0,1,2,3,4,5,8,9,10]",3,9,1.7458308698404186,-1.2529347164199072,3.0177853857014556,0.11911185356354537
6,6,coupled,"A[6,7,11]|B[0,1,2,3,4,5,8,9,10]",3,9,1.7277916938234492,-0.482256426610963,2.1439852404452675,0.0794521833825379
6,6,default,"A[6,7,11]|B[0,1,2,3,4,5,8,9,10]",3,9,1.9353649965984527,-1.0757585932142062,2.992954733198736,0.07754295510342635
6,7,coupled,"A[6,7,11]|B[0,1,2,3,4,5,8,9,10]",3,9,1.4193297686343853,-0.10470685460379237,1.4589395052294867,0.1490306013693009
6,7,default,"A[6,7,11]|B[0,1,2,3,4,5,8,9,10]",3,9,1.7558356994189441,-1.101966319203255,2.810996941689132,0.02390038135375705
6,8,coupled,"A[4,6,7,11]|B[0,1,2,3,5,8,9,10]",4,8,1.6321305188507504,-0.5994377187609223,2.1503612469656934,0.03252335516899829
6,8,default,"A[4,6,7,11]|B[0,1,2,3,5,8,9,10]",4,8,1.763676107011741,-1.0590772860727662,2.861778946656967,0.041453327642678284
6,9,coupled,"A[6,7,11]|B[0,1,2,3,4,5,8,9,10]",3,9,2.0614126348627115,0.2967783447465333,1.4652401328132472,0.10761005798073198
6,9,default,"A[6,7,11]|B[0,1,2,3,4,5,8,9,10]",3,9,1.3803625126471584,-0.8731722288858177,2.2617214871321796,0.08206094029228317
7,0,coupled,"A[3,5,6,9]|B[0,1,2,4,7,8,10,11]",4,8,2.53866039312142,-0.08080527544837057,2.5412677819336595,0.04179836317789887
7,0,default,"A[3,5,6,9]|B[0,1,2,4,7,8,10,11]",4,8,2.0454261185123506,0.5201143732162716,1.3822524025840384,0.08091932070907448
7,1,coupled,"A[1,11]|B[0,2,3,4,5,6,7,8,9,10]",2,10,2.3594718257686,0.4502177333520456,1.8433819898805064,0.03696825200212425
7,1,default,"A[1,11]|B[0,2,3,4,5,6,7,8,9,10]",2,10,2.1753665475809907,1.0375785015022387,1.1622993751766322,0.06381211434435596
7,2,coupled,"A[5,9]|B[0,1,2,3,4,6,7,8,10,11]",2,10,2.688566305876564,-0.12387372954281872,2.7666094402234105,0.029598703780413516
7,2,default,"A[5,9]|B[0,1,2,3,4,6,7,8,10,11]",2,10,1.609991101121536,1.1081596025636022,0.3954450654494228,0.07712525720126351
7,3,coupled,"A[1,3,5,6,9]|B[0,2,4,7,8,10,11]",5,7,2.1158997139953963,-0.5691816892412502,2.5907124623096536,0.03016964115189813
7,3,default,"A[1,3,5,6,9]|B[0,2,4,7,8,10,11]",5,7,1.7977070956510546,0.2154325316411141,1.4448096459993072,0.05640024714237135
7,4,coupled,"A[1,5,9,10]|B[0,2,3,4,6,7,8,11]",4,8,2.3939744334978217,-1.3083070948678355,3.6389549777779138,0.030443412225926725
7,4,default,"A[1,5,9,10]|B[0,2,3,4,6,7,8,11]",4,8,1.5601185985112822,-0.03703510890602946,1.506230667763775,0.04287442091870464
7,5,coupled,"A[3,6]|B[0,1,2,4,5,7,8,9,10,11]",2,10,2.473726852949884,-0.16887004225533353,2.5977133831970205,0.16326088807177264
7,5,default,"A[3,6]|B[0,1,2,4,5,7,8,9,10,11]",2,10,1.4874573455271247,0.4445852683743281,1.0058154759203672,0.04897578754250054
7,6,coupled,"A[1,3,5,6,10]|B[0,2,4,7,8,9,11]",5,7,1.5598656575733814,0.04074422933941202,1.4131612518477765,0.038570461369210385
7,6,default,"A[1,3,5,6,10]|B[0,2,4,7,8,9,11]",5,7,1.7026908651686457,0.2421269541307689,1.3309311189100808,0.07306654338468066
7,7,coupled,"A[1,9,10]|B[0,2,3,4,5,6,7,8,11]",3,9,2.257590245012191,-1.2402576712363658,3.5127472350427706,0.0928401969749677
7,7,default,"A[1,9,10]|B[0,2,3,4,5,6,7,8,11]",3,9,2.470116866280401,0.15356594745328866,2.145375310754785,0.09861830753247469
7,8,coupled,"A[3,5,6,9]|B[0,1,2,4,7,8,10,11]",4,8,2.417380411031317,-0.8744180867029474,3.259242790111115,0.16964964840688923
7,8,default,"A[3,5,6,9]|B[0,1,2,4,7,8,10,11]",4,8,1.9527955094846747,-0.2167583171424905,1.9553010035975678,0.13009377163280422
7,9,coupled,"A[3,5,6,10]|B[0,1,2,4,7,8,9,11]",4,8,2.8916545847357593,0.9190005148016347,1.9128643011208448,0.02028493129994202
7,9,default,"A[3,5,6,10]|B[0,1,2,4,7,8,9,11]",4,8,1.6640038382405034,0.5337782254317567,1.0527308883378945,0.052468672913640324
8,0,coupled,"A[1,4,5]|B[0,2,3,6,7,8,9,10,11]",3,9,2.025510126186523,0.7151668829819497,1.321670484720371,0.10424130921706753
8,0,default,"A[1,4,5]|B[0,2,3,6,7,8,9,10,11]",3,9,2.1607864168305952,0.3281734221020276,1.761713371915667,0.03869787421050197
8,1,coupled,"A[5]|B[0,1,2,3,4,6,7,8,9,10,11]",1,11,1.48586966022195,0.5457258314995133,0.9798288900857446,0.01476489961146199
8,1,default,"A[5]|B[0,1,2,3,4,6,7,8,9,10,11]",1,11,2.2362159193695135,0.43543843710469066,1.6190074216062458,0.15686495405745982
8,2,coupled,"A[1,4]|B[0,2,3,5,6,7,8,9,10,11]",2,10,2.665594245782766,1.1692457371348857,1.4405711911314316,0.05782152957228348
8,2,default,"A[1,4]|B[0,2,3,5,6,7,8,9,10,11]",2,10,2.6835573939466606,1.819031909311029,0.8828606582398508,0.017556554407075486
8,3,coupled,"A[1,4,5]|B[0,2,3,6,7,8,9,10,11]",3,9,2.2046279058999194,0.8152442091210759,1.340618861748113,0.12040876242734944
8,3,default,"A[1,4,5]|B[0,2,3,6,7,8,9,10,11]",3,9,3.033562795261185,1.8267167954513344,1.1522290118806318,0.03568795075653308
8,4,coupled,"A[1,5,8]|B[0,2,3,4,6,7,9,10,11]",3,9,2.48552299742986,-0.9374702197853457,3.3111705665742774,0.3344464687604214
8,4,default,"A[1,5,8]|B[0,2,3,4,6,7,9,10,11]",3,9,1.2784164971549954,0.06397883383393355,1.2330035327227993,0.11916670288243836
8,5,coupled,"A[1,4,5,8,9]|B[0,2,3,6,7,10,11]",5,7,2.1092563883262896,-0.2278652047523657,2.2568033674184185,0.08396512848992765
8,5,default,"A[1,4,5,8,9]|B[0,2,3,6,7,10,11]",5,7,1.687189483120513,-0.8729110266103399,2.538486335100875,0.04353849582463609
8,6,coupled,"A[1,4,8]|B[0,2,3,5,6,7,9,10,11]",3,9,2.4062383318557368,-0.23397619566140104,2.628853288737293,0.13247818679257606
8,6,default,"A[1,4,8]|B[0,2,3,5,6,7,9,10,11]",3,9,2.4706131602645987,0.6937482361610172,1.7082346703638311,0.053123802021069366
8,7,coupled,"A[1,4]|B[0,2,3,5,6,7,8,9,10,11]",2,10,2.2079702119424223,0.2919042945625474,1.7329985271450465,0.08312128121437512
8,7,default,"A[1,4]|B[0,2,3,5,6,7,8,9,10,11]",2,10,2.0015267071145884,0.9789849461858631,1.0036638866660186,0.041465750559961156
8,8,coupled,"A[1,4,5,8,9]|B[0,2,3,6,7,10,11]",5,7,2.0872955951369954,-0.4924518525464343,2.543561772638509,0.08833802243765199
8,8,default,"A[1,4,5,8,9]|B[0,2,3,6,7,10,11]",5,7,1.3708514087800003,-0.7110466242801392,2.0427799323254403,0.07580870208484392
8,9,coupled,"A[1,4,5,9]|B[0,2,3,6,7,8,10,11]",4,8,2.4539215880368355,0.8757384282042393,1.5192876473061334,0.10231929712480414
8,9,default,"A[1,4,5,9]|B[0,2,3,6,7,8,10,11]",4,8,2.9286034048988565,0.8383703243554748,2.075312374747429,0.023286067031239144
9,0,coupled,"A[1,3]|B[0,2,4,5,6,7,8,9,10,11]",2,10,2.3397555198272175,0.19341301516013143,1.8281059739327976,0.43022083339936046
9,0,default,"A[1,3]|B[0,2,4,5,6,7,8,9,10,11]",2,10,3.4062388124673,0.6276515515230505,2.7549815087706557,0.07680593570567029
9,1,coupled,"A[1,3]|B[0,2,4,5,6,7,8,9,10,11]",2,10,1.9934671261607528,0.1784956644837088,1.7468480592081246,0.07565316369057196
9,1,default,"A[1,3]|B[0,2,4,5,6,7,8,9,10,11]",2,10,3.6990180718905696,1.023159579432762,2.5505564892950936,0.09249427906172891
9,2,coupled,"A[1]|B[0,2,3,4,5,6,7,8,9,10,11]",1,11,1.5342881078326367,0.41439807342624313,1.0949225882695595,0.12611129921157604
9,2,default,"A[1]|B[0,2,3,4,5,6,7,8,9,10,11]",1,11,3.2902910963072336,0.971378140680768,2.2463763084973403,0.03211474251023688
9,3,coupled,"A[1]|B[0,2,3,4,5,6,7,8,9,10,11]",1,11,1.6193776701478275,0.20741116998155462,1.3491349085915247,0.17952546972902628
9,3,default,"A[1]|B[0,2,3,4,5,6,7,8,9,10,11]",1,11,3.366953159574841,1.0389006138310437,2.117088240650109,0.04197777699204114
9,4,coupled,"A[1]|B[0,2,3,4,5,6,7,8,9,10,11]",1,11,2.029819197153305,0.7846228983018682,1.3522742875949878,-0.02631568146859342
9,4,default,"A[1]|B[0,2,3,4,5,6,7,8,9,10,11]",1,11,3.1326860035005115,0.7811823153914403,2.32043612886183,0.024590524982349704
9,5,coupled,"A[1]|B[0,2,3,4,5,6,7,8,9,10,11]",1,11,1.5590716536746192,0.31367145952783737,1.1995714117485305,-0.004467750858274666
9,5,default,"A[1]|B[0,2,3,4,5,6,7,8,9,10,11]",1,11,3.252753104249678,1.205555799027529,1.8448036501161873,0.11683202564931366
9,6,coupled,"A[1,3]|B[0,2,4,5,6,7,8,9,10,11]",2,10,2.237211452838048,0.6093404464698313,1.594836907831607,0.09562088589051543
9,6,default,"A[1,3]|B[0,2,4,5,6,7,8,9,10,11]",2,10,3.307928980416338,0.7307958185851025,2.4853473425905994,0.0545621830776335
9,7,coupled,"A[1,3]|B[0,2,4,5,6,7,8,9,10,11]",2,10,2.270826255795507,0.19713405064462108,1.8610139682307745,0.2576665261920812
9,7,default,"A[1,3]|B[0,2,4,5,6,7,8,9,10,11]",2,10,3.494300714775456,1.2437701272783128,2.105502656952666,0.08075604113981949
9,8,coupled,"A[1]|B[0,2,3,4,5,6,7,8,9,10,11]",1,11,1.6854565830245571,0.07598745246194483,1.594134801004286,-0.02572237291574342
9,8,default,"A[1]|B[0,2,3,4,5,6,7,8,9,10,11]",1,11,3.2952302081778515,0.6928307781761642,2.509875377838918,0.026244421859035194
9,9,coupled,"A[1,3]|B[0,2,4,5,6,7,8,9,10,11]",2,10,2.5634924917845368,0.41323834485492483,1.7799957773065531,0.2972151292507307
9,9,default,"A[1,3]|B[0,2,4,5,6,7,8,9,10,11]",2,10,4.042246879141639,1.5921392929514742,2.3232328881329374,0.07445501819953393
10,0,coupled,"A[1,2,8]|B[0,3,4,5,6,7,9,10,11]",3,9,1.773597184606218,0.1512827574629183,1.537445646417357,0.04196293602812062
10,0,default,"A[1,2,8]|B[0,3,4,5,6,7,9,10,11]",3,9,1.7405370150698551,-0.3555939059528024,1.8407280941176103,0.2291010946051386
10,1,coupled,"A[1,2,3,4,6,7,8,11]|B[0,5,9,10]",8,4,1.5023693776466203,0.2280342332127967,1.1405382182390844,0.009846208790961541
10,1,default,"A[1,2,3,4,6,7,8,11]|B[0,5,9,10]",8,4,1.8420680150554576,-0.13958023128794084,1.8502883210439014,0.042594337113291525
10,2,coupled,"A[4]|B[0,1,2,3,5,6,7,8,9,10,11]",1,11,1.7652809914600898,0.24178494950596985,1.5292878026877161,-0.0037862551936700406
10,2,default,"A[4]|B[0,1,2,3,5,6,7,8,9,10,11]",1,11,1.634158667239161,0.38324779765334693,1.2532307219363463,0.09667357031870782
10,3,coupled,"A[5,9,10,11]|B[0,1,2,3,4,6,7,8]",4,8,2.5402999985691324,0.4959183995529459,1.8267742649387748,0.06796540616551705
10,3,default,"A[5,9,10,11]|B[0,1,2,3,4,6,7,8]",4,8,1.7129029025685745,-0.40639923287536384,2.001061250715673,0.13743542354285432
10,4,coupled,"A[1,2,3,4,7,8]|B[0,5,6,9,10,11]",6,6,1.880270776692368,-1.3526658399313733,3.298928866463147,0.06986275825573274
10,4,default,"A[1,2,3,4,7,8]|B[0,5,6,9,10,11]",6,6,2.0084412925613067,-0.9656109188464983,2.9203231475749294,0.0866456302536498
10,5,coupled,"A[1,2,4]|B[0,3,5,6,7,8,9,10,11]",3,9,2.3772742170720775,0.9366318555697104,1.3820538670927147,0.04335841784541872
10,5,default,"A[1,2,4]|B[0,3,5,6,7,8,9,10,11]",3,9,1.640423487185982,-0.40552556075210644,2.063267585773908,0.06241262852860752
10,6,coupled,"A[1,2,3,7,8,11]|B[0,4,5,6,9,10]",6,6,2.262232378213807,-0.036390205410571586,2.1538025603686126,0.06397988026661605
10,6,default,"A[1,2,3,7,8,11]|B[0,4,5,6,9,10]",6,6,1.7468136649239017,0.5348460771912986,1.0841567302638146,0.06013533622752443
10,7,coupled,"A[1,2,3,4,7,8,11]|B[0,5,6,9,10]",7,5,2.77649303642615,-0.2337674516561492,2.965810304272356,0.02341150318770424
10,7,default,"A[1,2,3,4,7,8,11]|B[0,5,6,9,10]",7,5,1.7533448230667907,-0.6260157194990725,2.2692946095366375,0.10030830273766345
10,8,coupled,"A[2,3,4,6,7,8,9,11]|B[0,1,5,10]",8,4,2.855209243055703,-0.053861064099859135,2.747067039601032,0.047096588689705676
10,8,default,"A[2,3,4,6,7,8,9,11]|B[0,1,5,10]",8,4,1.4408395823814004,0.299785318631387,1.092229355636729,0.047782975937539884
10,9,coupled,"A[7]|B[0,1,2,3,4,5,6,8,9,10,11]",1,11,1.9995040093382257,0.39749496455768885,1.5685315166046028,0.19694289743770543
10,9,default,"A[7]|B[0,1,2,3,4,5,6,8,9,10,11]",1,11,2.1045743539080757,1.4507227749694662,0.6811052819035253,0.026005165295973076
11,0,coupled,"A[1,2,5,9,10,11]|B[0,3,4,6,7,8]",6,6,1.8722900852858084,-0.7064287079674871,2.5177545437771665,0.0320934070652692
11,0,default,"A[1,2,5,9,10,11]|B[0,3,4,6,7,8]",6,6,1.9885704517858322,0.6455170707277649,1.271876118677127,0.010415770143239245
11,1,coupled,"A[1,5,9,10,11]|B[0,2,3,4,6,7,8]",5,7,1.5592416885445557,-0.40939415626962194,1.8389118730736271,0.081208150732472
11,1,default,"A[1,5,9,10,11]|B[0,2,3,4,6,7,8]",5,7,2.3341935708980897,0.14951583794929846,2.152246049871577,0.05009030726086727
11,2,coupled,"A[1,5,10,11]|B[0,2,3,4,6,7,8,9]",4,8,2.050878625760528,-0.9952523289377648,2.9291795714815896,0.10435120816543475
11,2,default,"A[1,5,10,11]|B[0,2,3,4,6,7,8,9]",4,8,2.1185464332972757,0.2605987785730015,1.6231805853023786,0.11445617017493825
11,3,coupled,"A[1,5,9,10,11]|B[0,2,3,4,6,7,8]",5,7,1.827973073577488,-0.1861029517774111,1.884302030790641,0.028808810949428887
11,3,default,"A[1,5,9,10,11]|B[0,2,3,4,6,7,8]",5,7,1.4401420163541985,-0.23128306763327755,1.6163866370420394,-0.0008988470195658849
11,4,coupled,"A[1,3,5,6]|B[0,2,4,7,8,9,10,11]",4,8,2.328992527992069,-0.35910346743223265,2.7339105327039936,0.15932827212009382
11,4,default,"A[1,3,5,6]|B[0,2,4,7,8,9,10,11]",4,8,1.9405905147173326,-1.20463657603511,3.028476327501775,0.12672072553853408
11,5,coupled,"A[1,5,10,11]|B[0,2,3,4,6,7,8,9]",4,8,1.9018766830836906,-0.5680934676779819,2.4406430888512727,0.0661142599370248
11,5,default,"A[1,5,10,11]|B[0,2,3,4,6,7,8,9]",4,8,2.0938166044753252,0.22440980521158682,1.6930213912933318,0.14618863066439358
11,6,coupled,"A[1,5,10,11]|B[0,2,3,4,6,7,8,9]",4,8,1.9799292830204185,-0.9520319222047302,2.7961645891749294,0.13707355813162003
11,6,default,"A[1,5,10,11]|B[0,2,3,4,6,7,8,9]",4,8,1.9420682440699397,0.30172343851405836,1.6027723695910079,0.12044835067755155
11,7,coupled,"A[1,5,9,10,11]|B[0,2,3,4,6,7,8]",5,7,1.2506379515777537,-0.7371725852087856,1.9464465643115816,0.0725631158788409
11,7,default,"A[1,5,9,10,11]|B[0,2,3,4,6,7,8]",5,7,1.7411620117678375,-0.36523897259246807,2.004435746504366,0.01922354601404075
11,8,coupled,"A[1,5,10,11]|B[0,2,3,4,6,7,8,9]",4,8,1.8457440341929066,-0.642677542597518,2.4333390320981114,0.0366774685201845
11,8,default,"A[1,5,10,11]|B[0,2,3,4,6,7,8,9]",4,8,1.3420761311225933,0.2855030313236746,1.0320658458142158,0.10715127252811496
11,9,coupled,"A[3]|B[0,1,2,4,5,6,7,8,9,10,11]",1,11,2.307305526571616,0.9456925703608179,1.330684456815473,0.031895429993048285
11,9,default,"A[3]|B[0,1,2,4,5,6,7,8,9,10,11]",1,11,2.6244332488617967,1.2238761226515216,1.3665339931822043,0.07594116194971479
12,0,coupled,"A[1,2,5,7,8,9,10]|B[0,3,4,6,11]",7,5,2.275127252058634,-0.07014919250804574,2.1704389018273647,0.00015475199669356954
12,0,default,"A[1,2,5,7,8,9,10]|B[0,3,4,6,11]",7,5,1.380021957132845,-1.0389054801207247,2.3763157380773023,0.04520032109513683
12,1,coupled,"A[3,4,6,11]|B[0,1,2,5,7,8,9,10]",4,8,1.6638358616010707,-0.6277631185373194,2.1949500553342878,0.09602356128798983
12,1,default,"A[3,4,6,11]|B[0,1,2,5,7,8,9,10]",4,8,1.553471220077037,-0.4115380891455538,1.7990230636419182,0.019551018041983892
12,2,coupled,"A[3,4,6,11]|B[0,1,2,5,7,8,9,10]",4,8,1.9543499949163832,-0.18191660275146315,1.9998277800689088,0.01807163440919546
12,2,default,"A[3,4,6,11]|B[0,1,2,5,7,8,9,10]",4,8,1.8429415217032603,-1.2979945545746374,2.8935741396545067,0.09466933388248
12,3,coupled,"A[1,2,5,7,8,9,10]|B[0,3,4,6,11]",7,5,1.7857988537938652,0.39761804656365207,1.2672397670925586,0.0037162636739869193
12,3,default,"A[1,2,5,7,8,9,10]|B[0,3,4,6,11]",7,5,1.3160436651536203,-0.6497856670045183,2.0306132143231035,0.11583689189152246
12,4,coupled,"A[1,2,5,7,8,9]|B[0,3,4,6,10,11]",6,6,1.6228062657208662,-0.6701703082854671,2.1812400331702246,0.15514482808355456
12,4,default,"A[1,2,5,7,8,9]|B[0,3,4,6,10,11]",6,6,1.4491637603191463,-0.6004882490043331,2.0361351429426,0.054057345270052126
12,5,coupled,"A[1,2,5,7,9,10]|B[0,3,4,6,8,11]",6,6,1.813997678310855,-0.7509454231940147,2.3453393086959577,0.042296379843650866
12,5,default,"A[1,2,5,7,9,10]|B[0,3,4,6,8,11]",6,6,1.7863812681778408,-0.9846884706651773,2.9037747852225495,0.08911807210537015
12,6,coupled,"A[1,2,5,7,8,9,10]|B[0,3,4,6,11]",7,5,1.9535337202263254,-0.6771274540719769,2.5348936142133427,0.02459855957937318
12,6,default,"A[1,2,5,7,8,9,10]|B[0,3,4,6,11]",7,5,2.121362880765057,-0.7361031129988747,2.885421958480584,0.08270837000515563
12,7,coupled,"A[1,2,5,7,8,9,10]|B[0,3,4,6,11]",7,5,2.0823880511138144,-0.057241114296009865,1.945816304748067,0.06839608932968055
12,7,default,"A[1,2,5,7,8,9,10]|B[0,3,4,6,11]",7,5,1.613151809189507,-0.5147542468049968,2.1801125449799565,0.010519313902542793
12,8,coupled,"A[1,2,5,7,8,9]|B[0,3,4,6,10,11]",6,6,1.5072467155725593,-0.757268477358565,2.160087398300969,0.042979555411310044
12,8,default,"A[1,2,5,7,8,9]|B[0,3,4,6,10,11]",6,6,1.8118793313164108,-0.2398785357853952,2.050529192886544,0.11119826425262413
12,9,coupled,"A[3,4,6,11]|B[0,1,2,5,7,8,9,10]",4,8,1.6066156290901525,-0.3535356407942416,1.7800381281992226,0.12015549594769037
12,9,default,"A[3,4,6,11]|B[0,1,2,5,7,8,9,10]",4,8,1.3339001969503261,-0.4330967146747233,1.6952023108468972,0.04461407724094746
13,0,coupled,"A[4,7,8,11]|B[0,1,2,3,5,6,9,10]",4,8,1.686966205555554,-0.3479313594230433,2.0311442517373743,0.1459185101638658
13,0,default,"A[4,7,8,11]|B[0,1,2,3,5,6,9,10]",4,8,2.1135871502695327,-0.9486483807352268,2.8789702066260423,0.030829156837977045
13,1,coupled,"A[4,6,7,8,9,11]|B[0,1,2,3,5,10]",6,6,1.7295109126797208,-0.1505688404189076,1.7772504820610573,0.048930553396725696
13,1,default,"A[4,6,7,8,9,11]|B[0,1,2,3,5,10]",6,6,1.6961212033961157,0.3862538915149818,1.2136714264358666,0.16353582254196952
13,2,coupled,"A[1,2,3,4,6,7,8,9,10]|B[0,5,11]",9,3,2.2833646221914288,-0.8843009941137661,3.161664309709699,0.11389246892816773
13,2,default,"A[1,2,3,4,6,7,8,9,10]|B[0,5,11]",9,3,1.896677500777454,0.44799036965427597,1.3390602714735644,0.04613372311269193
13,3,coupled,"A[1,3,5,6,9,10,11]|B[0,2,4,7,8]",7,5,2.1042086983817923,-1.1460365917947382,3.3077832356377384,0.04123019735050648
13,3,default,"A[1,3,5,6,9,10,11]|B[0,2,4,7,8]",7,5,2.1153036271293333,-1.4060510891100382,3.410895061582293,0.0748231735443643
13,4,coupled,"A[3]|B[0,1,2,4,5,6,7,8,9,10,11]",1,11,2.3125219778318935,0.7728187600759342,1.4415880280109294,0.1024901809190315
13,4,default,"A[3]|B[0,1,2,4,5,6,7,8,9,10,11]",1,11,1.8797925978725827,0.5702636207901981,1.275642183732487,0.07933734584466379
13,5,coupled,"A[7,8,10,11]|B[0,1,2,3,4,5,6,9]",4,8,2.1937152918121745,-1.533700691735218,3.6098005234887585,-0.0026164587168069353
13,5,default,"A[7,8,10,11]|B[0,1,2,3,4,5,6,9]",4,8,2.2037067606454235,-0.0863945387686087,2.188593801072244,0.06482063079735667
13,6,coupled,"A[7,8,11]|B[0,1,2,3,4,5,6,9,10]",3,9,2.309370413401636,-0.3963010253554389,2.7137775960181276,0.06893726485943996
13,6,default,"A[7,8,11]|B[0,1,2,3,4,5,6,9,10]",3,9,2.5678846466278715,0.431858364758293,2.0726953650788347,0.042369072740370495
13,7,coupled,"A[4,7,8,10,11]|B[0,1,2,3,5,6,9]",5,7,1.8895122879284134,-1.2638420971087339,3.046108792627186,0.07766920197797567
13,7,default,"A[4,7,8,10,11]|B[0,1,2,3,5,6,9]",5,7,1.8723511375937687,-0.800473167946957,2.679777487513552,0.01898002758634787
13,8,coupled,"A[1,2,3,4,6,7,8,9,10,11]|B[0,5]",10,2,2.2203431106271303,-0.38184500594534754,2.6195395460289186,0.06647685063478548
13,8,default,"A[1,2,3,4,6,7,8,9,10,11]|B[0,5]",10,2,1.8982513431308146,-0.5755019096220244,2.3581950408294245,0.05772059692660525
13,9,coupled,"A[7,8,10,11]|B[0,1,2,3,4,5,6,9]",4,8,2.0991941266628835,-0.8056224523626172,2.870017611117484,0.018693981425982775
13,9,default,"A[7,8,10,11]|B[0,1,2,3,4,5,6,9]",4,8,1.9626608468134512,-0.2816779776955096,2.1171672383153433,0.07762414051228195
14,0,coupled,"A[2,3]|B[0,1,4,5,6,7,8,9,10,11]",2,10,2.674001418955088,1.114869412126687,1.3851638192889717,0.17473854073395634
14,0,default,"A[2,3]|B[0,1,4,5,6,7,8,9,10,11]",2,10,2.2922991935555577,0.918266166459607,1.4211826764140782,0.004759997854449027
14,1,coupled,"A[3,4,5,6,7,8,9,11]|B[0,1,2,10]",8,4,2.9210276728803164,-0.2230789463983216,3.030823818762334,0.054262144264098255
14,1,default,"A[3,4,5,6,7,8,9,11]|B[0,1,2,10]",8,4,2.0005694030473125,-0.3655778700606618,2.2386452176644562,0.022814706673778495
14,2,coupled,"A[3,4,5,6,7,8,9,11]|B[0,1,2,10]",8,4,2.4303693913447972,-0.4626547955866762,2.822418531237962,0.08138807569808049
14,2,default,"A[3,4,5,6,7,8,9,11]|B[0,1,2,10]",8,4,1.8001198608344202,0.576805746082794,1.094948692913834,0.05089051398608535
14,3,coupled,"A[10]|B[0,1,2,3,4,5,6,7,8,9,11]",1,11,1.7414158807794005,0.2101824757852646,1.495735260825924,0.12407585600739579
14,3,default,"A[10]|B[0,1,2,3,4,5,6,7,8,9,11]",1,11,1.8893928830391598,0.4690137027021657,1.4500667172029287,-0.016626179681984876
14,4,coupled,"A[2]|B[0,1,3,4,5,6,7,8,9,10,11]",1,11,2.3255698341465916,0.6672134746596745,1.5052019068879143,0.09330767959514263
14,4,default,"A[2]|B[0,1,3,4,5,6,7,8,9,10,11]",1,11,2.2618580281949874,1.114575921296252,1.2143466538005696,0.03184889449740269
14,5,coupled,"A[2,3,9,11]|B[0,1,4,5,6,7,8,10]",4,8,2.1481651486639435,0.35333648232763704,1.6715888215744952,0.09964864974166754
14,5,default,"A[2,3,9,11]|B[0,1,4,5,6,7,8,10]",4,8,2.133821769957219,-0.6050202863540761,2.6194087470000627,0.03102569752929929
14,6,coupled,"A[6,7]|B[0,1,2,3,4,5,8,9,10,11]",2,10,1.8343801953451147,0.5744400784618335,1.1457791870255296,0.1376775369027523
14,6,default,"A[6,7]|B[0,1,2,3,4,5,8,9,10,11]",2,10,1.8228534908486669,-0.5094883996065716,2.3051298728748133,0.10346473855490457
14,7,coupled,"A[1,2,10,11]|B[0,3,4,5,6,7,8,9]",4,8,2.6468599755425446,-0.5488715485315421,3.131658870522198,0.17362780625709417
14,7,default,"A[1,2,10,11]|B[0,3,4,5,6,7,8,9]",4,8,1.661867641149187,-0.7702280861067449,2.298918062412145,0.03456611797304787
14,8,coupled,"A[3,4,5,6,7,8]|B[0,1,2,9,10,11]",6,6,2.4732550249945815,-1.1175272851873759,3.5078768142023504,0.0802912919093004
14,8,default,"A[3,4,5,6,7,8]|B[0,1,2,9,10,11]",6,6,1.7615506509318308,0.2509111848813461,1.3698628230872516,0.040010611968327
14,9,coupled,"A[2,3,5,6,10,11]|B[0,1,4,7,8,9]",6,6,1.8874285063284262,-0.9822881552075802,2.7132518295273735,0.06925604335966606
14,9,default,"A[2,3,5,6,10,11]|B[0,1,4,7,8,9]",6,6,1.8943672800793467,-0.5377248904745082,2.370671598233044,0.02441009698105301
15,0,coupled,"A[2,3,6,8,10]|B[0,1,4,5,7,9,11]",5,7,1.9143016038210163,-1.4803787075509076,3.3997423156837305,0.14060666146650624
15,0,default,"A[2,3,6,8,10]|B[0,1,4,5,7,9,11]",5,7,1.7010484648580237,-0.1979495896385357,1.8226018454099775,0.06247386019289003
15,1,coupled,"A[2,3,8]|B[0,1,4,5,6,7,9,10,11]",3,9,1.7297628510148495,-0.11170106226006293,1.7665693296245477,0.1222171363172524
15,1,default,"A[2,3,8]|B[0,1,4,5,6,7,9,10,11]",3,9,1.8091039354245801,-0.6015195845399326,2.3724319625777985,0.03879432426431206
15,2,coupled,"A[2,6,8,10]|B[0,1,3,4,5,7,9,11]",4,8,1.9877404332664672,-0.9925523684194513,2.898789142492901,0.19164324841844316
15,2,default,"A[2,6,8,10]|B[0,1,3,4,5,7,9,11]",4,8,1.9472177219815756,-0.6855990060123682,2.559088083425402,0.04210092905520879
15,3,coupled,"A[1,3,4,5,7,9,10,11]|B[0,2,6,8]",8,4,1.731838687712561,-0.47819547872149215,2.12278617334528,0.1630603960727992
15,3,default,"A[1,3,4,5,7,9,10,11]|B[0,2,6,8]",8,4,1.8426814858563927,-1.0193696732588737,2.842690844047247,0.10459686429830328
15,4,coupled,"A[1,2,5,6,7,9,11]|B[0,3,4,8,10]",7,5,2.274018733975081,-0.13477721328330183,2.2773382992121327,0.14539186847063856
15,4,default,"A[1,2,5,6,7,9,11]|B[0,3,4,8,10]",7,5,1.8533629680183992,-0.34316160120027517,2.0347478801663623,0.038311419645536304
15,5,coupled,"A[8]|B[0,1,2,3,4,5,6,7,9,10,11]",1,11,2.1139841052691986,0.6460196310672259,1.5158125869985022,0.030707768991949935
15,5,default,"A[8]|B[0,1,2,3,4,5,6,7,9,10,11]",1,11,1.7749867629618938,0.4694585527660138,1.0881878060222236,0.19073634607169643
15,6,coupled,"A[1,4,5,7,9,11]|B[0,2,3,6,8,10]",6,6,1.7679064354268643,-1.194976835045109,2.9148876584732286,0.12115994202376612
15,6,default,"A[1,4,5,7,9,11]|B[0,2,3,6,8,10]",6,6,2.218435967258672,0.7938587407690996,1.4027368070693207,0.22728170903674338
15,7,coupled,"A[2,3,8]|B[0,1,4,5,6,7,9,10,11]",3,9,2.663632760965707,1.76368671383409,0.8328518393116215,0.10161184911933396
15,7,default,"A[2,3,8]|B[0,1,4,5,6,7,9,10,11]",3,9,1.6519969956774005,0.10736623316107785,1.3833656340798746,0.04885367921013273
15,8,coupled,"A[1,3,4,5,7,8,9,10,11]|B[0,2,6]",9,3,1.9926051393477269,-0.5540489944110085,2.470134634767814,0.13884325104395523
15,8,default,"A[1,3,4,5,7,8,9,10,11]|B[0,2,6]",9,3,1.528705103246774,-0.7082302416369153,2.309223612755395,0.07110246912481655
15,9,coupled,"A[1,4,5,7,9,10,11]|B[0,2,3,6,8]",7,5,2.5198812446720944,-1.7445635490078368,4.192302094165172,0.20512684873774223
15,9,default,"A[1,4,5,7,9,10,11]|B[0,2,3,6,8]",7,5,2.3150739586948905,0.0694725999800685,2.1627050990636976,0.06723956022727773
16,0,coupled,"A[1,2,4,5,9,10]|B[0,3,6,7,8,11]",6,6,1.9871525039304325,-1.20675424670641,3.218580652067152,0.12102003164549613
16,0,default,"A[1,2,4,5,9,10]|B[0,3,6,7,8,11]",6,6,1.89713476440574,-0.4914052082228433,2.3032399356594944,0.09379035730016727
16,1,coupled,"A[1,3,4,5,6,7,9,11]|B[0,2,8,10]",8,4,1.7297723703204544,-1.1677238939500234,2.8904205584060874,0.057146543340029776
16,1,default,"A[1,3,4,5,6,7,9,11]|B[0,2,8,10]",8,4,1.812522441700144,-0.8797564058986174,2.691648975902548,0.08031808780265504
16,2,coupled,"A[1,2,3,4,5,7,9,10,11]|B[0,6,8]",9,3,2.356339761891035,-1.5570270429247177,3.9176917533724525,0.0684445131296787
16,2,default,"A[1,2,3,4,5,7,9,10,11]|B[0,6,8]",9,3,1.9554744178508026,0.40704624289772795,1.4814304861199858,0.03442012792671312
16,3,coupled,"A[1,2,3,4,5,7,9,10,11]|B[0,6,8]",9,3,1.4979579616345522,-0.9521286099693436,2.3273780002849747,0.04053769439152588
16,3,default,"A[1,2,3,4,5,7,9,10,11]|B[0,6,8]",9,3,2.377923521252427,0.40414206027418764,1.8612954813250229,0.048813714810662434
16,4,coupled,"A[4,5]|B[0,1,2,3,6,7,8,9,10,11]",2,10,1.8345356163509021,-0.9498108096580804,2.7257144967847338,0.06438540355386291
16,4,default,"A[4,5]|B[0,1,2,3,6,7,8,9,10,11]",2,10,2.1138662764962297,0.4742489208449312,1.5905677335565624,0.10656001483512689
16,5,coupled,"A[2,3,4,5,7,9,10]|B[0,1,6,8,11]",7,5,2.353702638435529,-1.5876296135887946,3.9275443194367505,0.10519214275091215
16,5,default,"A[2,3,4,5,7,9,10]|B[0,1,6,8,11]",7,5,1.691330237279404,-0.9533648310965215,2.6145279217682935,0.06744150196693699
16,6,coupled,"A[1,2,3,4,5,7,9,10]|B[0,6,8,11]",8,4,2.169109260871339,-1.0685503069372433,3.234162309777825,0.11007238959981991
16,6,default,"A[1,2,3,4,5,7,9,10]|B[0,6,8,11]",8,4,1.7040038581432675,-0.5239402791426424,2.1193738918482072,0.12794962170993696
16,7,coupled,"A[2,3,4,5,8,9,10,11]|B[0,1,6,7]",8,4,1.774220842592467,-0.7155617494593773,2.4748528159283896,0.024203780380849693
16,7,default,"A[2,3,4,5,8,9,10,11]|B[0,1,6,7]",8,4,1.57269486816001,0.5136449946344146,1.1311742987522013,0.017750288904539557
16,8,coupled,"A[1,2,3,4,5,6,7,9,10,11]|B[0,8]",10,2,1.910609126334322,0.2241047366963418,1.6919509426227055,0.12563056273498496
16,8,default,"A[1,2,3,4,5,6,7,9,10,11]|B[0,8]",10,2,2.4623791363763305,0.6699164138152947,1.6195291561487861,0.11217963687158172
16,9,coupled,"A[6,7,11]|B[0,1,2,3,4,5,8,9,10]",3,9,1.777102451026257,-0.41682049871475435,2.0745854166292768,0.049192096170236344
16,9,default,"A[6,7,11]|B[0,1,2,3,4,5,8,9,10]",3,9,1.3294451004621382,-0.12649325850178172,1.3962117275434731,0.08585007065986683
17,0,coupled,"A[6,9]|B[0,1,2,3,4,5,7,8,10,11]",2,10,1.8540043646596425,-0.11434995726030506,1.839072332506914,0.1612142829820825
17,0,default,"A[6,9]|B[0,1,2,3,4,5,7,8,10,11]",2,10,1.6102121905385656,0.5750960855360612,0.9748768835910044,0.009449148852520795
17,1,coupled,"A[1,3,6,9]|B[0,2,4,5,7,8,10,11]",4,8,1.6016379957244762,0.7517471049894637,0.7728078070772648,0.011879922386835773
17,1,default,"A[1,3,6,9]|B[0,2,4,5,7,8,10,11]",4,8,1.780371014798201,0.40825339931802507,1.2917315637862599,0.037588815933804476
17,2,coupled,"A[1,3,4,5,6,7,9]|B[0,2,8,10,11]",7,5,1.7400732761509825,-0.09907940485696187,1.7761275130400713,0.08169549256357778
17,2,default,"A[1,3,4,5,6,7,9]|B[0,2,8,10,11]",7,5,1.781670201635805,1.04936722068493,0.6530391303161063,0.042600471728243994
17,3,coupled,"A[6,9]|B[0,1,2,3,4,5,7,8,10,11]",2,10,1.6417756027835761,-0.3463165845716141,1.9075031142706016,0.13003428341241507
17,3,default,"A[6,9]|B[0,1,2,3,4,5,7,8,10,11]",2,10,1.6319223591596663,0.31647796226725244,1.2392896619630809,0.17943624266043323
17,4,coupled,"A[5,7,8]|B[0,1,2,3,4,6,9,10,11]",3,9,1.501325419407396,0.06458081896292356,1.2669506915432385,0.06039668134286447
17,4,default,"A[5,7,8]|B[0,1,2,3,4,6,9,10,11]",3,9,2.0535076467543405,0.012225920815690294,1.8057005747022854,0.1398483177533577
17,5,coupled,"A[1,5,7,9]|B[0,2,3,4,6,8,10,11]",4,8,1.587929686214494,-0.4820595456013397,1.9884153476743713,0.045334189236636124
17,5,default,"A[1,5,7,9]|B[0,2,3,4,6,8,10,11]",4,8,1.3102624770733382,0.9002309332863669,0.3641953690728523,0.01835841347979572
17,6,coupled,"A[1,3,4,5,6,9,10,11]|B[0,2,7,8]",8,4,1.3971586694903206,-0.8271865635379436,2.114423364258748,0.05481113951079619
17,6,default,"A[1,3,4,5,6,9,10,11]|B[0,2,7,8]",8,4,1.9896702997629065,-0.701078968297284,2.6615223609920844,0.11198265675313546
17,7,coupled,"A[3]|B[0,1,2,4,5,6,7,8,9,10,11]",1,11,2.059217980735231,1.2514784797988643,0.7228058229597507,0.10616908527861468
17,7,default,"A[3]|B[0,1,2,4,5,6,7,8,9,10,11]",1,11,1.7587790483462873,0.7624262922497396,1.0589278366434423,-0.008440592682754433
17,8,coupled,"A[1,3,6,9]|B[0,2,4,5,7,8,10,11]",4,8,1.943549325404541,-1.0777874499235374,2.780122601857406,0.02742005972420758
17,8,default,"A[1,3,6,9]|B[0,2,4,5,7,8,10,11]",4,8,2.146278015710106,0.85225633804491,1.19367750984911,0.08424187919329884
17,9,coupled,"A[1,3,4,6,9]|B[0,2,5,7,8,10,11]",5,7,1.623240476925002,-0.8288888703742501,2.414935474594209,0.07437045170296863
17,9,default,"A[1,3,4,6,9]|B[0,2,5,7,8,10,11]",5,7,1.9763520396698628,-0.023912662428274167,1.9284381722952606,0.04706883506949666
18,0,coupled,"A[1,3,4,6,7,9,11]|B[0,2,5,8,10]",7,5,1.6493932640162958,-0.23112194138370157,1.8249429461228166,0.06914676255790964
18,0,default,"A[1,3,4,6,7,9,11]|B[0,2,5,8,10]",7,5,1.960879214170296,-0.7573098954066664,2.8053492777935904,0.07606409351163057
18,1,coupled,"A[2,5,8,10,11]|B[0,1,3,4,6,7,9]",5,7,1.9364897852014318,-0.8182399117072574,2.6893651931083142,0.10495402601006565
18,1,default,"A[2,5,8,10,11]|B[0,1,3,4,6,7,9]",5,7,1.6607995746780946,-0.021803934845584294,1.5892323137560553,0.07912026468477174
18,2,coupled,"A[2,5,6,8,10]|B[0,1,3,4,7,9,11]",5,7,2.0088198430041673,-1.4033559221542662,3.3875672706966995,0.08240281567753382
18,2,default,"A[2,5,6,8,10]|B[0,1,3,4,7,9,11]",5,7,2.0886873594513156,-1.184368505332701,3.2595873468255228,0.03512487803679942
18,3,coupled,"A[3,4]|B[0,1,2,5,6,7,8,9,10,11]",2,10,1.7094768903416968,0.37891726667810843,1.1575161368409659,0.16785058372425432
18,3,default,"A[3,4]|B[0,1,2,5,6,7,8,9,10,11]",2,10,2.225952117528852,1.1524690990301947,1.0601707174026633,0.036612493921370115
18,4,coupled,"A[1,3,4,9,11]|B[0,2,5,6,7,8,10]",5,7,2.1079673207945966,-1.2370915542372858,3.2524802461154385,0.10914972095303987
18,4,default,"A[1,3,4,9,11]|B[0,2,5,6,7,8,10]",5,7,1.8412150738529962,-0.5766978223038031,2.379472082349229,0.016886001374426307
18,5,coupled,"A[3,4,11]|B[0,1,2,5,6,7,8,9,10]",3,9,2.074628494048363,0.15174811932566268,1.825960868989616,0.06405935238156313
18,5,default,"A[3,4,11]|B[0,1,2,5,6,7,8,9,10]",3,9,1.5815476307999892,-0.5178707866529653,1.9680309626110408,0.09777941368864074
18,6,coupled,"A[2,5,8,10]|B[0,1,3,4,6,7,9,11]",4,8,1.9578333336559113,-0.2228960332673262,2.1199078559464155,0.12102178713226253
18,6,default,"A[2,5,8,10]|B[0,1,3,4,6,7,9,11]",4,8,2.1136713559178695,-1.027443960252569,3.0578129853310045,0.07342594371452993
18,7,coupled,"A[1,2,5,7,8,10]|B[0,3,4,6,9,11]",6,6,1.6705549282144063,0.10184678673251035,1.4176133383360208,0.0493677977614686
18,7,default,"A[1,2,5,7,8,10]|B[0,3,4,6,9,11]",6,6,1.5856181302438905,0.4502568518986343,1.0492861096038986,0.0588943909558175
18,8,coupled,"A[2,5,8,10,11]|B[0,1,3,4,6,7,9]",5,7,2.01185981116741,-1.0049450853613902,2.960769863194333,0.09677569824925603
18,8,default,"A[2,5,8,10,11]|B[0,1,3,4,6,7,9]",5,7,2.0546682869701196,0.3700296278870434,1.446076367964808,0.0854872817552843
18,9,coupled,"A[1,3,11]|B[0,2,4,5,6,7,8,9,10]",3,9,1.4937112355834827,-0.5661852944672408,1.959007029433323,0.11056872067444967
18,9,default,"A[1,3,11]|B[0,2,4,5,6,7,8,9,10]",3,9,2.1506137479765046,-0.1329244696939762,2.209345986277806,0.10205681096102981
19,0,coupled,"A[1,4,5,7,9,11]|B[0,2,3,6,8,10]",6,6,2.1002225176909812,0.24302793819058444,1.6873170647229192,0.06962659707912411
19,0,default,"A[1,4,5,7,9,11]|B[0,2,3,6,8,10]",6,6,2.0960849673670907,-0.8639299524594906,2.731777004027114,0.14347047081485176
19,1,coupled,"A[1,5,7,11]|B[0,2,3,4,6,8,9,10]",4,8,2.4387381444728633,0.5473175855530554,1.7277435929163993,0.09400061383706071
19,1,default,"A[1,5,7,11]|B[0,2,3,4,6,8,9,10]",4,8,1.607518479393634,0.07115160814773036,1.3786834029909751,0.18616577254509115
19,2,coupled,"A[1,3,4,5,9,11]|B[0,2,6,7,8,10]",6,6,2.4658573994187165,-0.3704814641330785,2.7575776753222105,0.04369019345370084
19,2,default,"A[1,3,4,5,9,11]|B[0,2,6,7,8,10]",6,6,2.13549943437244,-0.8043766978825584,2.796320068667837,0.20122266627761265
19,3,coupled,"A[1,4,5,7,9,11]|B[0,2,3,6,8,10]",6,6,2.5069342012038947,-0.28160511967160495,2.644693661903358,0.07000129058835824
19,3,default,"A[1,4,5,7,9,11]|B[0,2,3,6,8,10]",6,6,1.885829124493251,0.33387219704069926,1.4848375490203731,0.0588594077709218
19,4,coupled,"A[1,3,4,5,7,9,11]|B[0,2,6,8,10]",7,5,2.1397144124303518,-0.9233768764046504,3.0204220008780664,0.048302516013118524
19,4,default,"A[1,3,4,5,7,9,11]|B[0,2,6,8,10]",7,5,2.5555300203244324,-0.9505037788348218,3.293839325313912,0.28827147661762265
19,5,coupled,"A[1,4,5,7,9,11]|B[0,2,3,6,8,10]",6,6,1.5883373083046965,-0.5120292884698889,2.0308701660956565,0.05431248467810512
19,5,default,"A[1,4,5,7,9,11]|B[0,2,3,6,8,10]",6,6,1.57912831219734,-0.051857141318555566,1.4225015150090285,0.1787275551856653
19,6,coupled,"A[2,3,5,7,9]|B[0,1,4,6,8,10,11]",5,7,1.7359762568125998,-0.5710923837076196,2.19348885733085,0.1554401355706141
19,6,default,"A[2,3,5,7,9]|B[0,1,4,6,8,10,11]",5,7,3.1572555676133063,-0.6761903670466962,3.6377691189203656,0.28541189904372444
19,7,coupled,"A[1,3,4,5,7,9,11]|B[0,2,6,8,10]",7,5,2.5274713205335515,-0.37565560248487095,2.8254774160464597,0.10610845765984855
19,7,default,"A[1,3,4,5,7,9,11]|B[0,2,6,8,10]",7,5,1.7878410094996544,-1.1588090860297715,2.936844663643993,0.10454115548812615
19,8,coupled,"A[1,5,11]|B[0,2,3,4,6,7,8,9,10]",3,9,2.1536250730863555,-0.34865066107276466,2.479046456861761,0.0215963642542083
19,8,default,"A[1,5,11]|B[0,2,3,4,6,7,8,9,10]",3,9,1.5387074548483173,-0.3449212918754059,1.8092394223163175,0.10684071107307114
19,9,coupled,"A[1,3,4,11]|B[0,2,5,6,7,8,9,10]",4,8,2.3750978070506457,0.8490307258692513,1.5032353823294937,0.04530494051673095
19,9,default,"A[1,3,4,11]|B[0,2,5,6,7,8,9,10]",4,8,1.7752852918229516,0.31380707852387246,1.3466429313634305,-0.007402873473193461
20,0,coupled,"A[1,7,8]|B[0,2,3,4,5,6,9,10,11]",3,9,2.303226516384685,-1.046351128843467,3.2685869563718186,0.03170107618919049
20,0,default,"A[1,7,8]|B[0,2,3,4,5,6,9,10,11]",3,9,2.0633218812384557,-1.1035383233863247,3.1078924366236484,0.12408843904522593
20,1,coupled,"A[2,3,4,9]|B[0,1,5,6,7,8,10,11]",4,8,2.781366154915043,0.8870387869975431,1.7006457073162429,0.09236716927357791
20,1,default,"A[2,3,4,9]|B[0,1,5,6,7,8,10,11]",4,8,1.9899747794272407,-0.3597787452804244,2.3058826732821913,0.08933628594863263
20,2,coupled,"A[3,4,7]|B[0,1,2,5,6,8,9,10,11]",3,9,2.5263783671223434,-0.016018425861126673,2.3849980855373296,0.0963645744606868
20,2,default,"A[3,4,7]|B[0,1,2,5,6,8,9,10,11]",3,9,1.930624845134191,-0.46446212471053094,2.3537010778009884,0.13407431986027252
20,3,coupled,"A[2,3,4,5,9,10,11]|B[0,1,6,7,8]",7,5,2.669952892964348,-0.9422435975316246,3.5957413732335723,0.12618040433275635
20,3,default,"A[2,3,4,5,9,10,11]|B[0,1,6,7,8]",7,5,1.933140615773242,-0.5551637228997253,2.357081698922206,0.0470959684647112
20,4,coupled,"A[11]|B[0,1,2,3,4,5,6,7,8,9,10]",1,11,2.4254194811195724,1.005861883640328,1.3822422091271085,0.047742116967377735
20,4,default,"A[11]|B[0,1,2,3,4,5,6,7,8,9,10]",1,11,2.2285945447862465,0.6753369983680493,1.6383729648897774,0.025105566655010625
20,5,coupled,"A[1,2,5,6,7,8,10,11]|B[0,3,4,9]",8,4,2.861033026280441,-1.143170089173707,3.8476110320492047,0.311028668097892
20,5,default,"A[1,2,5,6,7,8,10,11]|B[0,3,4,9]",8,4,2.0405082830363424,-0.9097184463302677,2.8566926030232738,0.20091180227949246
20,6,coupled,"A[3,4,7]|B[0,1,2,5,6,8,9,10,11]",3,9,2.3964552348419814,0.1282666663116565,2.099354397992639,0.04764961603337814
20,6,default,"A[3,4,7]|B[0,1,2,5,6,8,9,10,11]",3,9,2.124590547473205,-0.2693050651896929,2.355424276088098,0.017667480227077537
20,7,coupled,"A[3,4,7,9]|B[0,1,2,5,6,8,10,11]",4,8,2.593080133947595,0.8484630887948574,1.6727153325734543,0.02773946934089322
20,7,default,"A[3,4,7,9]|B[0,1,2,5,6,8,10,11]",4,8,1.8183190734247359,-0.6734524590254054,2.3947467214593647,0.046742565384818135
20,8,coupled,"A[2,3,4,5,9]|B[0,1,6,7,8,10,11]",5,7,2.3003034171024797,0.930217206877618,1.2974040692523652,0.054565788814772365
20,8,default,"A[2,3,4,5,9]|B[0,1,6,7,8,10,11]",5,7,2.144681820773336,-0.3300502922725852,2.406844006031025,0.06542572350580089
20,9,coupled,"A[2,3,4,7,9]|B[0,1,5,6,8,10,11]",5,7,2.7599264980081504,0.38886943287467357,2.2605170475092065,0.06970308718084883
20,9,default,"A[2,3,4,7,9]|B[0,1,5,6,8,10,11]",5,7,1.5459628030981134,-0.408771732119789,1.908074557906576,0.028409671293353256
21,0,coupled,"A[6,9,11]|B[0,1,2,3,4,5,7,8,10]",3,9,1.5603602596613135,-0.5847480247380759,2.132917147939291,0.052305565001990684
21,0,default,"A[6,9,11]|B[0,1,2,3,4,5,7,8,10]",3,9,1.7916543071352469,-0.23602372129205307,1.9114526388732525,0.10604126705387129
21,1,coupled,"A[3,4,6,9,10,11]|B[0,1,2,5,7,8]",6,6,1.8279640643018338,-1.2392140577868425,3.0181687326281983,0.022947180554939495
21,1,default,"A[3,4,6,9,10,11]|B[0,1,2,5,7,8]",6,6,1.46599514100081,-0.15881596289152178,1.5120233600333721,0.04126247644296144
21,2,coupled,"A[4,6,9,10,11]|B[0,1,2,3,5,7,8]",5,7,2.3149379367626914,-0.5216752543141672,2.7997544351838126,0.04155753744990465
21,2,default,"A[4,6,9,10,11]|B[0,1,2,3,5,7,8]",5,7,1.6033217330944107,-0.3304407804867191,1.8221414604996224,0.04795361476019011
21,3,coupled,"A[3,4,6,10,11]|B[0,1,2,5,7,8,9]",5,7,1.8379511878278363,-0.24720975603164508,2.003861881905965,0.02234050978862734
21,3,default,"A[3,4,6,10,11]|B[0,1,2,5,7,8,9]",5,7,1.7985799984242614,-0.8285469964313643,2.5173081855811392,0.13398590733706928
21,4,coupled,"A[3,4,6,8,9,11]|B[0,1,2,5,7,10]",6,6,2.0996456995691233,-0.15080498381295193,2.1496283981639204,0.05948025695508474
21,4,default,"A[3,4,6,8,9,11]|B[0,1,2,5,7,10]",6,6,1.838523824132481,-0.7527247145709555,2.543285130917184,0.06434778861541934
21,5,coupled,"A[4,6,9,10]|B[0,1,2,3,5,7,8,11]",4,8,2.2269772917650674,-1.6685637493782197,3.867805250454648,0.04136582963301727
21,5,default,"A[4,6,9,10]|B[0,1,2,3,5,7,8,11]",4,8,1.541448454866862,-0.37920340083024673,1.8566668902120993,0.09818749526078951
21,6,coupled,"A[6,9]|B[0,1,2,3,4,5,7,8,10,11]",2,10,2.1694065280830053,1.4933678200396452,0.6070178934629221,0.02942174520360019
21,6,default,"A[6,9]|B[0,1,2,3,4,5,7,8,10,11]",2,10,1.629867003812211,0.2639975373257477,1.3094157266888002,0.03080155711856869
21,7,coupled,"A[3,4,6,9,10,11]|B[0,1,2,5,7,8]",6,6,1.4685963828898303,-1.0101882065949042,2.42872541085337,0.08988582111595789
21,7,default,"A[3,4,6,9,10,11]|B[0,1,2,5,7,8]",6,6,1.361448862324219,-0.4022045296678147,1.67787327141351,0.033563048018993014
21,8,coupled,"A[3,4,6,9,10,11]|B[0,1,2,5,7,8]",6,6,2.1263886000065493,-1.0850643518340313,3.116861419596561,0.056423817201223025
21,8,default,"A[3,4,6,9,10,11]|B[0,1,2,5,7,8]",6,6,1.633169133888185,-1.1295432717105727,2.665227814679021,0.07027527967827107
21,9,coupled,"A[3,4,6,9,10,11]|B[0,1,2,5,7,8]",6,6,1.4345627026825192,-0.8911252810542614,2.2505383899710827,0.084351737837564
21,9,default,"A[3,4,6,9,10,11]|B[0,1,2,5,7,8]",6,6,1.761641085842905,-0.2881151347097184,2.0330126778582276,0.03684880749639241
22,0,coupled,"A[2,6,10]|B[0,1,3,4,5,7,8,9,11]",3,9,1.732742130487681,0.11088471628807106,1.585640735026241,0.06862912128608212
22,0,default,"A[2,6,10]|B[0,1,3,4,5,7,8,9,11]",3,9,2.634304403400812,0.9628602773577271,1.5844626722792317,0.0434191082926928
22,1,coupled,"A[2,6,10]|B[0,1,3,4,5,7,8,9,11]",3,9,1.2428510351172515,-0.2885299490648108,1.4868034419870513,0.029496705590084105
22,1,default,"A[2,6,10]|B[0,1,3,4,5,7,8,9,11]",3,9,2.795771144464202,0.3903162672380338,2.271096947183801,0.04255439586124243
22,2,coupled,"A[2,6,9,10]|B[0,1,3,4,5,7,8,11]",4,8,1.7478760163115914,-0.22323440692603702,1.8385408189382773,0.0940769240425341
22,2,default,"A[2,6,9,10]|B[0,1,3,4,5,7,8,11]",4,8,2.8168297796873505,0.7013812136609259,1.9850870296481775,0.042773025922855146
22,3,coupled,"A[2,6,10]|B[0,1,3,4,5,7,8,9,11]",3,9,1.948819145584446,0.26385556090225215,1.6344393047068009,0.04707865956218593
22,3,default,"A[2,6,10]|B[0,1,3,4,5,7,8,9,11]",3,9,2.991901240854892,0.8317198901616152,2.114138974250422,0.02390150185699369
22,4,coupled,"A[2,3,8,9,10,11]|B[0,1,4,5,6,7]",6,6,2.3351128038776485,-0.9613687634905421,3.183738610171271,0.08620207582895656
22,4,default,"A[2,3,8,9,10,11]|B[0,1,4,5,6,7]",6,6,2.8983981231471634,-0.6939990278656039,3.441505768272081,0.12685254538585222
22,5,coupled,"A[2,10]|B[0,1,3,4,5,6,7,8,9,11]",2,10,3.2548257752780585,2.0764290175751245,1.1015012288817467,0.08757565787302912
22,5,default,"A[2,10]|B[0,1,3,4,5,6,7,8,9,11]",2,10,2.3540429477807097,1.6298162613663698,0.6393031609791626,0.08449119802729221
22,6,coupled,"A[2,3,9,11]|B[0,1,4,5,6,7,8,10]",4,8,1.906182614044749,0.8395407689584999,1.0358991864522484,0.04966129668108521
22,6,default,"A[2,3,9,11]|B[0,1,4,5,6,7,8,10]",4,8,2.9564609328303946,-0.05644158618692696,2.8390165867015447,0.09486003614054073
22,7,coupled,"A[2,10]|B[0,1,3,4,5,6,7,8,9,11]",2,10,2.278251059487293,1.2232413815649332,1.006806943500915,0.08508697660606601
22,7,default,"A[2,10]|B[0,1,3,4,5,6,7,8,9,11]",2,10,2.2071068322447314,1.453750784241934,0.6824701844794336,0.14512381356412074
22,8,coupled,"A[2,10]|B[0,1,3,4,5,6,7,8,9,11]",2,10,1.7919392092154094,0.9431976909893072,0.8098071557204454,0.049109707570108574
22,8,default,"A[2,10]|B[0,1,3,4,5,6,7,8,9,11]",2,10,2.549416961172832,1.4217205977565892,1.0747619309415894,0.04211752086929188
22,9,coupled,"A[9,10]|B[0,1,2,3,4,5,6,7,8,11]",2,10,2.8142977357799595,0.9998165278584139,1.7660163629268224,0.05332358743734267
22,9,default,"A[9,10]|B[0,1,2,3,4,5,6,7,8,11]",2,10,1.9929916708707078,-0.0755216259811533,1.9780857842408877,0.1227981913259153
23,0,coupled,"A[10,11]|B[0,1,2,3,4,5,6,7,8,9]",2,10,2.383063481391218,-0.23387089712668452,2.5259699258488366,0.14935758723768755
23,0,default,"A[10,11]|B[0,1,2,3,4,5,6,7,8,9]",2,10,2.1234722268132105,-0.5404277041506402,2.4538558699106297,0.15270267417325634
23,1,coupled,"A[10]|B[0,1,2,3,4,5,6,7,8,9,11]",1,11,2.651206070940139,0.08408494885165396,2.4269572757554627,0.059891628358932136
23,1,default,"A[10]|B[0,1,2,3,4,5,6,7,8,9,11]",1,11,2.135056855201809,1.2239423970862737,0.9101423625445539,0.03894403656564638
23,2,coupled,"A[3,5,6,7,8,9]|B[0,1,2,4,10,11]",6,6,2.5031476091228044,-1.9304966701365487,4.501236456161384,0.07705823895228292
23,2,default,"A[3,5,6,7,8,9]|B[0,1,2,4,10,11]",6,6,2.0626775316899204,-0.992960273112431,3.0431869322466176,0.06701339192252975
23,3,coupled,"A[3,5,6,7,8,9]|B[0,1,2,4,10,11]",6,6,2.7441449859646605,-1.0468454608061668,3.8011373664328465,0.045800019279112814
23,3,default,"A[3,5,6,7,8,9]|B[0,1,2,4,10,11]",6,6,1.6293526617660565,-1.1127988625485767,2.6540527036647856,0.053665131164944535
23,4,coupled,"A[3,4,5,6,7,8]|B[0,1,2,9,10,11]",6,6,1.8618902284870078,-0.6468102104667377,2.402473331431211,0.06263948764409988
23,4,default,"A[3,4,5,6,7,8]|B[0,1,2,9,10,11]",6,6,2.235218594233605,-1.008620682442328,3.1802981694890793,0.05224636686141393
23,5,coupled,"A[3,4,5,6,7,8,9,10]|B[0,1,2,11]",8,4,2.4317591775214975,-1.5368153074994417,4.014044433600958,0.09562250495896629
23,5,default,"A[3,4,5,6,7,8,9,10]|B[0,1,2,11]",8,4,2.0872975110699628,-1.4337150718070024,3.552149119142638,0.14817019353672256
23,6,coupled,"A[3,5,6,7,8,9]|B[0,1,2,4,10,11]",6,6,2.516886298383362,-1.5245934326117245,4.075887093110282,0.07043031108111819
23,6,default,"A[3,5,6,7,8,9]|B[0,1,2,4,10,11]",6,6,1.8509905500883663,-0.7354861556367025,2.527264384582587,0.03995836470869785
23,7,coupled,"A[2,11]|B[0,1,3,4,5,6,7,8,9,10]",2,10,2.6631073533823315,-0.20928526901992317,2.681085747529222,0.13643082274389773
23,7,default,"A[2,11]|B[0,1,3,4,5,6,7,8,9,10]",2,10,2.0835659897004897,0.9267317927754579,1.1364784481620576,0.09257148282345984
23,8,coupled,"A[4,9,10]|B[0,1,2,3,5,6,7,8,11]",3,9,2.416347550577628,0.3252971225838781,1.9640138065220585,0.08255847984041598
23,8,default,"A[4,9,10]|B[0,1,2,3,5,6,7,8,11]",3,9,1.6359907375384126,0.045792482337501994,1.473865453159261,0.1538797404504455
23,9,coupled,"A[4,5,8,9,10]|B[0,1,2,3,6,7,11]",5,7,2.0590212592684867,-0.6524987396549795,2.621499513799151,0.04372777362897162
23,9,default,"A[4,5,8,9,10]|B[0,1,2,3,6,7,11]",5,7,2.407302935534731,-0.7775376729969272,3.0328853657826875,0.09571454115225797
24,0,coupled,"A[1,2,4,5,6,7,8,9,10,11]|B[0,3]",10,2,2.27183701128107,-0.4522674943384377,2.632486656085771,0.051792472555367786
24,0,default,"A[1,2,4,5,6,7,8,9,10,11]|B[0,3]",10,2,1.7111936605565774,0.3049942454466348,1.371427072419904,0.03683978553992251
24,1,coupled,"A[1,2,4,6,7,9,10]|B[0,3,5,8,11]",7,5,2.385783264298071,-0.5407488004701646,2.8414407900785292,0.14688926622309229
24,1,default,"A[1,2,4,6,7,9,10]|B[0,3,5,8,11]",7,5,2.0951023294763527,0.17802625899546864,1.7958395204570172,0.2676808440433812
24,2,coupled,"A[2,4,5,7,8,9,11]|B[0,1,3,6,10]",7,5,1.7987682664297924,-1.2448037223445656,2.9699407400223867,0.035448517182789185
24,2,default,"A[2,4,5,7,8,9,11]|B[0,1,3,6,10]",7,5,1.857289027231145,-1.281838595868587,3.115909003016606,0.09597058410325099
24,3,coupled,"A[1,2,4,5,6,7,8,9,10,11]|B[0,3]",10,2,2.272237633042721,0.5673306351063085,1.6328590323793288,0.08161431354755488
24,3,default,"A[1,2,4,5,6,7,8,9,10,11]|B[0,3]",10,2,1.4934993525225233,0.3691338244413691,1.1226445844030015,0.07741059120351901
24,4,coupled,"A[3]|B[0,1,2,4,5,6,7,8,9,10,11]",1,11,2.534647976819169,1.1206762648439796,1.4331297349367542,0.011735355296278671
24,4,default,"A[3]|B[0,1,2,4,5,6,7,8,9,10,11]",1,11,1.800868522397234,0.2601656666273233,1.5440966735217445,0.09644631543535165
24,5,coupled,"A[1,2,4,5,6,7,8,9]|B[0,3,10,11]",8,4,2.035930310091855,-0.7761535595345253,2.742179668417203,0.041317517435440765
24,5,default,"A[1,2,4,5,6,7,8,9]|B[0,3,10,11]",8,4,1.6661467559342504,-0.5381354096250952,2.198190736468213,0.10240776022309683
24,6,coupled,"A[1,4,6,9]|B[0,2,3,5,7,8,10,11]",4,8,2.3722559324615236,-1.1675403819949337,3.4788300233118647,0.049309061288425715
24,6,default,"A[1,4,6,9]|B[0,2,3,5,7,8,10,11]",4,8,2.245019532991742,-0.8432600518993274,3.0414098168315933,0.023324052720822497
24,7,coupled,"A[3,5,8,10,11]|B[0,1,2,4,6,7,9]",5,7,2.1920128902530314,-0.765993413052092,2.803947433016833,0.06762741995576227
24,7,default,"A[3,5,8,10,11]|B[0,1,2,4,6,7,9]",5,7,1.806798841290031,-0.3872551865164957,2.1325378664827097,0.070396297150916
24,8,coupled,"A[1,4,6,7,8,9,10,11]|B[0,2,3,5]",8,4,2.151593907414508,-0.4378543932985828,2.5532154995674192,0.021806949159431044
24,8,default,"A[1,4,6,7,8,9,10,11]|B[0,2,3,5]",8,4,1.7443816195503161,0.09698283763472126,1.5330994375942915,0.0654421179982938
24,9,coupled,"A[1,4,9,10]|B[0,2,3,5,6,7,8,11]",4,8,1.5376800694435393,-0.7590675218480998,2.2872878922762796,0.07074844785074452
24,9,default,"A[1,4,9,10]|B[0,2,3,5,6,7,8,11]",4,8,2.061505230737481,-0.43566741348179994,2.442725544305543,0.09643137653346079
25,0,coupled,"A[2,6]|B[0,1,3,4,5,7,8,9,10,11]",2,10,1.9859110135046816,0.07177678490504569,1.7683217259794706,0.07989853798651048
25,0,default,"A[2,6]|B[0,1,3,4,5,7,8,9,10,11]",2,10,1.6295739983398683,-0.7335241072610166,2.2489634481129053,0.0969191104804884
25,1,coupled,"A[1,2,3,4,6,7,9,11]|B[0,5,8,10]",8,4,3.380144002865197,0.7518156303650496,2.4351372709729695,0.26658200016419964
25,1,default,"A[1,2,3,4,6,7,9,11]|B[0,5,8,10]",8,4,2.4566271690674153,-0.8955107503239956,3.2046388338735685,0.23307206553753734
25,2,coupled,"A[2,3,6]|B[0,1,4,5,7,8,9,10,11]",3,9,1.7349779046176106,-0.38740412604752184,1.9924568595983796,0.08721381362325475
25,2,default,"A[2,3,6]|B[0,1,4,5,7,8,9,10,11]",3,9,1.631111183729426,-0.30684496162837416,1.9843643134125706,0.10443276768371113
25,3,coupled,"A[1,2,3,4,6,7,9,11]|B[0,5,8,10]",8,4,2.956514528113089,0.08369699448306811,2.7407146260645563,0.177896095751384
25,3,default,"A[1,2,3,4,6,7,9,11]|B[0,5,8,10]",8,4,2.284886495791696,-0.6101467549231674,2.8742869604373764,0.18078024820651906
25,4,coupled,"A[2,3,4,6,7]|B[0,1,5,8,9,10,11]",5,7,2.8623241313500456,-0.15442948714933014,2.89638152382573,0.049701250758529936
25,4,default,"A[2,3,4,6,7]|B[0,1,5,8,9,10,11]",5,7,1.6123226547855751,0.03264610413294511,1.3641124416122064,0.05774585739840221
25,5,coupled,"A[2,3,4,6,11]|B[0,1,5,7,8,9,10]",5,7,2.148778897462738,-0.7282900251120816,2.849624686323664,0.06847742859653083
25,5,default,"A[2,3,4,6,11]|B[0,1,5,7,8,9,10]",5,7,1.4739377326919656,-0.9560965335707401,2.337167572462229,0.07765089670145553
25,6,coupled,"A[1,2,3,4,5,6,7]|B[0,8,9,10,11]",7,5,2.3382432229995866,-0.05672000756446138,2.2457722869121692,0.18680348370722344
25,6,default,"A[1,2,3,4,5,6,7]|B[0,8,9,10,11]",7,5,2.459597821074752,-1.1952499682896809,3.5861032070720924,0.3253127170632166
25,7,coupled,"A[1,2,3,4,6,7,9,10,11]|B[0,5,8]",9,3,2.2321357212618036,0.4996012574624604,1.5969842323242265,0.1939681655240877
25,7,default,"A[1,2,3,4,6,7,9,10,11]|B[0,5,8]",9,3,2.1874788180645823,-0.3828640814189108,2.433270722297511,0.12266801981042708
25,8,coupled,"A[1,5,7,8,10]|B[0,2,3,4,6,9,11]",5,7,2.0550689882954205,-0.4938790101881567,2.5212489310825044,0.11340814133076627
25,8,default,"A[1,5,7,8,10]|B[0,2,3,4,6,9,11]",5,7,1.6995631850280466,-0.9715357306968286,2.6691117131004267,0.13717616120866327
25,9,coupled,"A[5,11]|B[0,1,2,3,4,6,7,8,9,10]",2,10,2.0710767761183515,1.226383750627436,0.8430351555144054,0.051556662505401585
25,9,default,"A[5,11]|B[0,1,2,3,4,6,7,8,9,10]",2,10,2.46804609225881,-0.25399505954352986,2.795449803511661,0.0976968804375653
26,0,coupled,"A[4,7,10,11]|B[0,1,2,3,5,6,8,9]",4,8,2.557333805990926,-0.8998684874026832,3.43611456949874,0.1274559823984851
26,0,default,"A[4,7,10,11]|B[0,1,2,3,5,6,8,9]",4,8,1.6876061134552889,-1.1145885487266831,2.7363232482321003,0.03490494188794235
26,1,coupled,"A[4,7,10,11]|B[0,1,2,3,5,6,8,9]",4,8,2.936429937539245,-0.2740567556436746,3.0671494187405672,0.13316719648573172
26,1,default,"A[4,7,10,11]|B[0,1,2,3,5,6,8,9]",4,8,1.816250697092471,-1.159330536821912,2.890003686637729,0.11171462668927923
26,2,coupled,"A[4,7,10,11]|B[0,1,2,3,5,6,8,9]",4,8,3.096590944337806,-0.6881611859741632,3.647571282427473,0.1632058307306945
26,2,default,"A[4,7,10,11]|B[0,1,2,3,5,6,8,9]",4,8,2.0708517979453505,-0.1224608985909823,2.1314922807518997,0.08867998288875212
26,3,coupled,"A[2,4,7,10,11]|B[0,1,3,5,6,8,9]",5,7,2.064634518616337,-0.4399515816296118,2.385207775123415,0.04815466763181475
26,3,default,"A[2,4,7,10,11]|B[0,1,3,5,6,8,9]",5,7,1.8427218903429834,-0.8170314735557467,2.587100519974432,0.03078021728379987
26,4,coupled,"A[4,7,8,10,11]|B[0,1,2,3,5,6,9]",5,7,1.8445748849474424,-0.8909276027007076,2.6716878147841028,0.06510016056865275
26,4,default,"A[4,7,8,10,11]|B[0,1,2,3,5,6,9]",5,7,1.5011804263752397,-0.8337514937515644,2.340274240613261,0.14250872488617716
26,5,coupled,"A[2,3,4,7,10,11]|B[0,1,5,6,8,9]",6,6,2.0769266149051067,-1.5552195058749643,3.5630959081571145,0.0551778723920191
26,5,default,"A[2,3,4,7,10,11]|B[0,1,5,6,8,9]",6,6,1.8499043968088151,-0.5660218507586379,2.2609850130998717,0.046052788245904086
26,6,coupled,"A[4,7,10,11]|B[0,1,2,3,5,6,8,9]",4,8,2.521005201995682,-1.4385415582641636,3.9287359311644265,0.11631734401479843
26,6,default,"A[4,7,10,11]|B[0,1,2,3,5,6,8,9]",4,8,2.146479879347885,-0.5058273626859493,2.430830585899299,0.14067930324689426
26,7,coupled,"A[4,7,8,10,11]|B[0,1,2,3,5,6,9]",5,7,2.2727800306429478,-1.6825334742155693,3.967660581904867,0.036125070285094374
26,7,default,"A[4,7,8,10,11]|B[0,1,2,3,5,6,9]",5,7,1.9782853007057812,-0.7689979165619256,2.6440765642197697,0.07722075198997813
26,8,coupled,"A[1]|B[0,2,3,4,5,6,7,8,9,10,11]",1,11,2.700317798079178,0.9386422360832536,1.739915389820676,0.06339164907459205
26,8,default,"A[1]|B[0,2,3,4,5,6,7,8,9,10,11]",1,11,1.9592386941749933,0.019943636158067157,1.8782034396805853,0.08065956272344643
26,9,coupled,"A[4,7,10,11]|B[0,1,2,3,5,6,8,9]",4,8,2.748756362744408,-1.1651667762475713,3.883837088657173,0.0913397610282316
26,9,default,"A[4,7,10,11]|B[0,1,2,3,5,6,8,9]",4,8,1.90403127111338,-1.3370764339412586,3.2647694876974382,0.08312292610770489
27,0,coupled,"A[4]|B[0,1,2,3,5,6,7,8,9,10,11]",1,11,2.4929846986415845,0.7060218320398102,1.721901164176355,0.09448169708777909
27,0,default,"A[4]|B[0,1,2,3,5,6,7,8,9,10,11]",1,11,0.9385028595987044,0.3266030918655196,0.6037523176573416,-0.0005253665158875265
27,1,coupled,"A[7]|B[0,1,2,3,4,5,6,8,9,10,11]",1,11,2.231658872780878,0.6169964178478957,1.590269577832905,-0.006148692544952983
27,1,default,"A[7]|B[0,1,2,3,4,5,6,8,9,10,11]",1,11,1.5970878334191962,0.9835219299456044,0.6050907155800647,-0.017025834341849344
27,2,coupled,"A[3,7,10]|B[0,1,2,4,5,6,8,9,11]",3,9,2.7141189272854422,0.040346609725185445,2.6746497545575485,0.02981237003839543
27,2,default,"A[3,7,10]|B[0,1,2,4,5,6,8,9,11]",3,9,1.7584592149314344,1.222808116413506,0.4532055175391769,0.06681597397910921
27,3,coupled,"A[1,2,3,5,6,7,9,10,11]|B[0,4,8]",9,3,2.6631844781586196,0.5681805858647726,2.0147369291413595,0.00708438643978182
27,3,default,"A[1,2,3,5,6,7,9,10,11]|B[0,4,8]",9,3,0.9470376901379272,-0.13336299501800886,0.9860388068032606,0.015808577520074252
27,4,coupled,"A[7]|B[0,1,2,3,4,5,6,8,9,10,11]",1,11,2.296643257849893,0.683759596525177,1.6344085317320158,0.016903387385337254
27,4,default,"A[7]|B[0,1,2,3,4,5,6,8,9,10,11]",1,11,1.7529112301718295,1.024668278331887,0.6183989510849298,-0.05766641815824858
27,5,coupled,"A[1,2,3,5,6,7,9,10,11]|B[0,4,8]",9,3,2.8179033621697345,1.0199609118881625,1.759122662567918,0.03165340496853197
27,5,default,"A[1,2,3,5,6,7,9,10,11]|B[0,4,8]",9,3,0.8591599877288587,-0.3328546736526077,1.167474337730304,0.06037704699111113
27,6,coupled,"A[1,2,4,5,6,9,10,11]|B[0,3,7,8]",8,4,2.360148221450282,-0.23317422141769129,2.529728232652511,0.04351927203685535
27,6,default,"A[1,2,4,5,6,9,10,11]|B[0,3,7,8]",8,4,1.5281641464870734,0.2735556650079358,1.1604927213283274,0.08931124617038222
27,7,coupled,"A[1,2,3,4,5,6,8,9,10,11]|B[0,7]",10,2,2.7767996420931373,0.5151736626995889,2.0856773188018094,0.18079773233359364
27,7,default,"A[1,2,3,4,5,6,8,9,10,11]|B[0,7]",10,2,1.48293110646557,0.2493814621562982,1.1419233150399608,0.0935079907201346
27,8,coupled,"A[7,10]|B[0,1,2,3,4,5,6,8,9,11]",2,10,2.606499646107239,1.030296053465035,1.4944583532925284,0.06573462739104319
27,8,default,"A[7,10]|B[0,1,2,3,4,5,6,8,9,11]",2,10,1.674999315115286,1.0879048587394617,0.5233358701290699,0.038817194494144225
27,9,coupled,"A[7]|B[0,1,2,3,4,5,6,8,9,10,11]",1,11,2.4599720836621692,0.9433616584439641,1.4943743873376862,0.008689448361541174
27,9,default,"A[7]|B[0,1,2,3,4,5,6,8,9,10,11]",1,11,1.4948580154345452,0.6859505638542966,0.7677113652067342,-0.03054637479107658
28,0,coupled,"A[1,2,4,5,6,7,11]|B[0,3,8,9,10]",7,5,2.4169252937248658,-1.3998915001094634,3.7845835182753635,0.10186076359307839
28,0,default,"A[1,2,4,5,6,7,11]|B[0,3,8,9,10]",7,5,1.278964357249405,-0.33699224011566953,1.5378769288516043,0.08317013706702436
28,1,coupled,"A[1,4,5,6,7,9,11]|B[0,2,3,8,10]",7,5,2.907138473666899,0.1552708315158613,2.6156450811846286,0.0437330864117107
28,1,default,"A[1,4,5,6,7,9,11]|B[0,2,3,8,10]",7,5,1.5882384662411737,-0.644550148480576,2.2040079210092682,0.12193294582456038
28,2,coupled,"A[1,2,4,6,7,9,11]|B[0,3,5,8,10]",7,5,2.4186911696576265,-0.38159108489627513,2.7191997291485768,0.03127954064714489
28,2,default,"A[1,2,4,6,7,9,11]|B[0,3,5,8,10]",7,5,1.6094515057306138,0.9247507561197592,0.53159110486827,0.10451255608631427
28,3,coupled,"A[1,4,5,6,7,9,11]|B[0,2,3,8,10]",7,5,3.0518587724382904,-0.37918857883303403,3.2893404680803915,0.014275555199095402
28,3,default,"A[1,4,5,6,7,9,11]|B[0,2,3,8,10]",7,5,1.4056609532903976,0.40456203559169346,0.8874171752268022,0.06422034347602823
28,4,coupled,"A[1,2,4,6,7,11]|B[0,3,5,8,9,10]",6,6,2.189017356152775,-0.5523792578086573,2.6841222105634204,0.1297349070613123
28,4,default,"A[1,2,4,6,7,11]|B[0,3,5,8,9,10]",6,6,1.494547170138994,0.4636782571358986,0.9595760723735287,0.05393851851723652
28,5,coupled,"A[1,4,5,6,7,9,11]|B[0,2,3,8,10]",7,5,3.3409005203730144,0.6488359224099041,2.550625743456575,0.0016181250096996003
28,5,default,"A[1,4,5,6,7,9,11]|B[0,2,3,8,10]",7,5,2.100481276550907,1.0563595360234634,0.9605171500269852,0.09222157734618408
28,6,coupled,"A[1,2,4,5,6,7,9,11]|B[0,3,8,10]",8,4,2.5635312497167746,0.2646028227635986,2.1903760497376883,0.0429505892103863
28,6,default,"A[1,2,4,5,6,7,9,11]|B[0,3,8,10]",8,4,1.5101144169675953,0.702077147965495,0.672433915585717,0.10523897329579746
28,7,coupled,"A[1,2,4,5,6,7,9,10,11]|B[0,3,8]",9,3,2.4105389203863385,0.603117572922172,1.7978696470188156,0.11301012879561467
28,7,default,"A[1,2,4,5,6,7,9,10,11]|B[0,3,8]",9,3,1.9031266721486997,0.4359737954427425,1.4439130138517706,0.08666879156742247
28,8,coupled,"A[1,2,4,5,6,7,9,11]|B[0,3,8,10]",8,4,2.2954561260662603,-0.5891707316121035,2.78897505548049,0.044266415342395504
28,8,default,"A[1,2,4,5,6,7,9,11]|B[0,3,8,10]",8,4,1.7340008042783401,0.5995959009351255,1.1049074373301138,0.11169596128926873
28,9,coupled,"A[1,2,3,4,6,7,9,11]|B[0,5,8,10]",8,4,2.6228245692507928,-0.038551128482111174,2.5348000327644504,0.02758978076281071
28,9,default,"A[1,2,3,4,6,7,9,11]|B[0,5,8,10]",8,4,1.438187549949236,-0.8214834663594868,2.232310225553115,0.06796942681373053
29,0,coupled,"A[11]|B[0,1,2,3,4,5,6,7,8,9,10]",1,11,1.8613124459656216,0.6793420647059198,1.1764704548133889,0.03388996608079986
29,0,default,"A[11]|B[0,1,2,3,4,5,6,7,8,9,10]",1,11,1.6552002965165036,0.09840479546154413,1.564192495129455,0.01430671066420186
29,1,coupled,"A[1,4,9]|B[0,2,3,5,6,7,8,10,11]",3,9,2.064192234998847,0.5269821392418033,1.4801900187214272,0.07565167325222744
29,1,default,"A[1,4,9]|B[0,2,3,5,6,7,8,10,11]",3,9,1.6580970649487623,-0.3005468233383617,1.8253789012568415,0.15745690105054277
29,2,coupled,"A[1,2,4,9,11]|B[0,3,5,6,7,8,10]",5,7,1.8916698076462422,-1.0970554234657501,2.873941480919652,0.08954213381283993
29,2,default,"A[1,2,4,9,11]|B[0,3,5,6,7,8,10]",5,7,1.9475776398706057,-0.9998802140267085,2.8387233183464433,0.04509282437017781
29,3,coupled,"A[1,2,4,5,9,11]|B[0,3,6,7,8,10]",6,6,1.2235141752484084,-0.6810025765712187,1.8404584691292158,0.04945482681313451
29,3,default,"A[1,2,4,5,9,11]|B[0,3,6,7,8,10]",6,6,1.8848898669377463,-0.679431816641467,2.6009883655642825,0.0679486619071703
29,4,coupled,"A[9]|B[0,1,2,3,4,5,6,7,8,10,11]",1,11,1.6912603512581952,0.2298406402550799,1.4004078948112686,0.0935918476365234
29,4,default,"A[9]|B[0,1,2,3,4,5,6,7,8,10,11]",1,11,2.2018259214142493,0.6488763181372277,1.4903215759721626,0.13142976077399243
29,5,coupled,"A[1,2,4,7,8,9,11]|B[0,3,5,6,10]",7,5,2.1537262430151998,-0.6759385388170549,2.8515352151932554,0.01867415795024563
29,5,default,"A[1,2,4,7,8,9,11]|B[0,3,5,6,10]",7,5,1.5979326557913662,0.7284776876482071,0.6996770957220533,0.1722251593844053
29,6,coupled,"A[1,3,4,7,8,9,11]|B[0,2,5,6,10]",7,5,1.5282806008129988,0.6199113727439696,0.8653621774007698,0.04717378441256881
29,6,default,"A[1,3,4,7,8,9,11]|B[0,2,5,6,10]",7,5,1.664619223503784,-0.4246836872676987,2.130768683875098,0.028338998209748834
29,7,coupled,"A[1,4,7,8,11]|B[0,2,3,5,6,9,10]",5,7,1.7606120958265843,-0.8308238458704871,2.5937707914470916,0.10562110663963864
29,7,default,"A[1,4,7,8,11]|B[0,2,3,5,6,9,10]",5,7,1.641974919036715,-0.7351412943368878,2.2785896778586068,0.05375635849155236
29,8,coupled,"A[1,2,4,9,11]|B[0,3,5,6,7,8,10]",5,7,1.76421306275896,-0.6157670981392043,2.3080855788889947,0.052492311798795654
29,8,default,"A[1,2,4,9,11]|B[0,3,5,6,7,8,10]",5,7,1.7643311299064772,0.5875707445249221,1.0204996295648248,0.09657970851298914
29,9,coupled,"A[1,2,4]|B[0,3,5,6,7,8,9,10,11]",3,9,1.6031445047523798,0.29731900066523487,1.1853146012173372,0.08519473155563095
29,9,default,"A[1,2,4]|B[0,3,5,6,7,8,9,10,11]",3,9,1.8406666107133287,0.6964660796985656,0.9907865437425507,0.1240482567951528
30,0,coupled,"A[1,8]|B[0,2,3,4,5,6,7,9,10,11]",2,10,2.1400804376616147,-1.4593084042241244,3.5660926939067092,0.24750915547694774
30,0,default,"A[1,8]|B[0,2,3,4,5,6,7,9,10,11]",2,10,2.1852587834089467,0.15297808248239475,1.9543901259670944,0.19634021045129169
30,1,coupled,"A[1,2,3,4,5,6,8,9,10,11]|B[0,7]",10,2,2.0607465522452744,0.08449615258310672,2.0102479265353317,0.07329251663631631
30,1,default,"A[1,2,3,4,5,6,8,9,10,11]|B[0,7]",10,2,1.7953620718113845,-1.1816476618363425,2.892133106449201,0.03613719340002497
30,2,coupled,"A[1,3,7,8]|B[0,2,4,5,6,9,10,11]",4,8,2.4719730251739014,-0.5268329042282218,3.0357907906953288,0.09994807428861141
30,2,default,"A[1,3,7,8]|B[0,2,4,5,6,9,10,11]",4,8,1.9232773628069448,-0.8806156488743966,2.6755430366462294,0.08124737310603791
30,3,coupled,"A[1,8]|B[0,2,3,4,5,6,7,9,10,11]",2,10,2.1610503181739205,-1.0554051535653262,3.1527677045560316,0.19713016455552124
30,3,default,"A[1,8]|B[0,2,3,4,5,6,7,9,10,11]",2,10,2.8992921583803066,1.003217277240183,1.7412364675381773,0.20084767941236814
30,4,coupled,"A[1,3,8,10]|B[0,2,4,5,6,7,9,11]",4,8,2.0383147477613424,0.2733349904482578,1.6992750512210155,0.05945881240882567
30,4,default,"A[1,3,8,10]|B[0,2,4,5,6,7,9,11]",4,8,1.6523104271214657,-0.854632122923074,2.471536008110377,0.06692054895138355
30,5,coupled,"A[1,2,4,5,6,8,10,11]|B[0,3,7,9]",8,4,2.001512268424187,-1.169508298413442,3.136278627427297,0.0341332637556051
30,5,default,"A[1,2,4,5,6,8,10,11]|B[0,3,7,9]",8,4,2.5678993263132632,0.2906974052552478,2.1504005553256853,0.025975245822140502
30,6,coupled,"A[1,2,5,6,7,8,9,10,11]|B[0,3,4]",9,3,2.1231417383246836,-0.007502082970246349,2.101880624275669,0.07131950606383786
30,6,default,"A[1,2,5,6,7,8,9,10,11]|B[0,3,4]",9,3,1.8580561660275663,-0.23047280286060046,1.942266805116016,0.17674683410562753
30,7,coupled,"A[2,4,5,6,7,9]|B[0,1,3,8,10,11]",6,6,1.9359979432652252,0.6653346737415426,1.080240636908971,0.07986252897584922
30,7,default,"A[2,4,5,6,7,9]|B[0,1,3,8,10,11]",6,6,1.858650583474619,-0.07232833818591677,1.8502849503968626,0.03826160741300111
30,8,coupled,"A[1,2,5,6,10]|B[0,3,4,7,8,9,11]",5,7,1.83199957797167,-1.1455801213089138,2.897289553559001,0.07693243554051876
30,8,default,"A[1,2,5,6,10]|B[0,3,4,7,8,9,11]",5,7,2.006419944760374,-0.729383858004665,2.721808325608971,0.10444541119490625
30,9,coupled,"A[2,5,6]|B[0,1,3,4,7,8,9,10,11]",3,9,2.3025921442986403,-0.3525547811545202,2.457966219180231,0.17904482965479485
30,9,default,"A[2,5,6]|B[0,1,3,4,7,8,9,10,11]",3,9,2.257684023180723,0.15971176050122304,1.914560345972153,0.09892063181762223
